2026-09-08 09:29:07.614,189061,0.950
2026-09-08 09:29:31.299,189060,0.950
2026-09-08 09:29:35.095,189059,0.950
2026-09-08 09:29:35.950,189058,0.950
2026-09-08 09:29:36.800,189057,0.950
2026-09-08 09:29:40.688,189056,0.950
2026-09-08 09:29:58.576,189055,0.950
2026-09-08 09:30:03.087,189031,0.950
2026-09-08 09:30:18.251,189030,0.950
2026-09-08 09:37:39.293,189072,0.950
2026-09-08 09:37:43.764,189073,0.950
2026-09-08 09:37:50.418,189074,0.950
2026-09-08 09:37:58.966,189075,0.950
2026-09-08 09:38:02.974,189092,0.950
2026-09-08 09:38:08.645,189093,0.950
2026-09-08 09:38:18.569,189094,0.950
2026-09-08 09:38:25.928,189095,0.950
2026-09-08 09:38:27.621,189096,0.950
2026-09-08 09:38:35.148,189097,0.950
2026-09-08 09:38:39.391,189098,0.950
2026-09-08 09:38:47.380,189099,0.950
2026-09-08 09:38:52.810,189100,0.950
2026-09-08 09:39:01.451,189101,0.950
2026-09-08 09:39:03.258,189111,0.950
2026-09-08 09:39:07.353,189112,0.950
2026-09-08 09:39:18.178,189113,0.950
2026-09-08 09:39:21.131,189114,0.950
2026-09-08 09:39:24.012,189115,0.950
2026-09-08 09:52:18.425,189659,0.950
2026-09-08 09:52:18.931,189660,0.950
2026-09-08 09:52:20.748,189661,0.950
2026-09-08 09:52:24.487,189662,0.950
2026-09-08 09:52:27.780,189663,0.950
2026-09-08 09:52:31.132,189664,0.950
2026-09-08 09:52:32.735,189665,0.950
2026-09-08 09:52:35.622,189666,0.950
2026-09-08 09:52:36.893,189667,0.950
2026-09-08 09:52:39.827,189668,0.950
2026-09-08 09:52:43.232,189669,0.950
2026-09-08 09:52:45.278,189670,0.950
2026-09-08 09:52:45.703,189671,0.950
2026-09-08 09:52:48.180,189672,0.950
2026-09-08 09:52:48.648,189673,0.950
2026-09-08 09:52:49.554,189674,0.950
2026-09-08 09:52:50.382,189675,0.950
2026-09-08 09:52:52.139,189676,0.950
2026-09-08 09:52:54.215,189677,0.950
2026-09-08 09:52:56.881,189678,0.950
2026-09-08 09:52:58.997,189679,0.950
2026-09-08 09:53:02.708,189700,0.950
2026-09-08 09:53:03.148,189703,0.950
2026-09-08 10:50:34.098,190337,0.950
2026-09-08 10:56:31.141,191221,0.950
2026-09-08 10:56:32.853,191222,0.950
2026-09-08 10:56:40.022,191223,0.950
2026-09-08 10:56:44.446,191224,0.950
2026-09-08 10:56:48.434,191225,0.950
2026-09-08 10:56:58.486,191226,0.950
2026-09-08 10:57:02.874,191259,0.950
2026-09-08 10:57:14.675,191260,0.950
2026-09-08 10:57:19.226,191261,0.950
2026-09-08 10:57:28.609,191262,0.950
2026-09-08 10:57:35.181,191263,0.950
2026-09-08 10:57:37.713,191264,0.950
2026-09-08 10:57:39.006,191265,0.950
2026-09-08 10:57:41.633,191266,0.950
2026-09-08 10:57:57.023,191267,0.950
2026-09-08 10:58:03.338,191301,0.950
2026-09-08 10:58:14.654,191302,0.950
2026-09-08 11:00:49.481,191353,0.950
2026-09-08 11:01:01.835,191393,0.950
2026-09-08 11:01:03.270,191353,0.950
2026-09-08 11:01:05.441,191366,0.950
2026-09-08 11:01:21.628,191379,0.950
2026-09-08 11:01:26.791,191381,0.950
2026-09-08 11:01:31.183,191382,0.950
2026-09-08 11:01:31.653,191355,0.950
2026-09-08 11:01:40.140,191382,0.950
2026-09-08 11:01:44.351,191383,0.950
2026-09-08 11:01:46.962,191384,0.950
2026-09-08 11:01:51.236,191385,0.950
2026-09-08 11:01:56.760,191386,0.950
2026-09-08 11:02:01.768,191387,0.950
2026-09-08 11:02:02.693,191379,0.950
2026-09-08 11:02:03.172,191380,0.950
2026-09-08 11:02:06.656,191381,0.950
2026-09-08 11:02:10.070,191382,0.950
2026-09-08 11:02:17.482,191383,0.950
2026-09-08 11:02:19.143,191386,0.950
2026-09-08 11:02:27.205,191387,0.950
2026-09-08 11:02:32.361,191388,0.950
2026-09-08 11:02:42.448,191389,0.950
2026-09-08 11:02:50.997,191390,0.950
2026-09-08 11:02:56.658,191391,0.950
2026-09-08 11:02:59.707,191392,0.950
2026-09-08 11:03:03.106,191388,0.950
2026-09-08 11:03:07.594,191389,0.950
2026-09-08 11:03:16.777,191390,0.950
2026-09-08 11:03:20.982,191391,0.950
2026-09-08 11:03:29.548,191392,0.950
2026-09-08 11:03:35.071,191393,0.950
2026-09-08 11:03:43.001,191394,0.950
2026-09-08 11:03:44.660,191395,0.950
2026-09-08 11:03:45.569,191396,0.950
2026-09-08 11:03:54.225,191397,0.950
2026-09-08 11:04:01.150,191398,0.950
2026-09-08 11:04:02.609,191403,0.950
2026-09-08 11:04:05.418,191404,0.950
2026-09-08 11:04:13.394,191405,0.950
2026-09-08 11:04:18.634,191406,0.950
2026-09-08 11:04:27.035,191407,0.950
2026-09-08 11:04:33.593,191408,0.950
2026-09-08 11:04:44.653,191409,0.950
2026-09-08 11:04:56.445,191410,0.950
2026-09-08 11:05:02.568,191442,0.950
2026-09-08 11:05:03.799,191443,0.950
2026-09-08 11:05:13.057,191447,0.950
2026-09-08 11:05:16.387,191448,0.950
2026-09-08 11:05:19.608,191449,0.950
2026-09-08 11:05:20.066,191451,0.950
2026-09-08 11:05:22.514,191452,0.950
2026-09-08 11:05:26.152,191453,0.950
2026-09-08 11:05:27.774,191454,0.950
2026-09-08 11:05:29.504,191455,0.950
2026-09-08 11:05:32.774,191456,0.950
2026-09-08 11:05:38.178,191457,0.950
2026-09-08 11:05:40.321,194457,0.950
2026-09-08 11:05:40.746,191457,0.950
2026-09-08 23:24:59.587,190025,0.950
2026-09-08 23:25:05.327,190045,0.950
2026-09-08 23:25:06.198,189930,0.950
2026-09-08 23:25:06.634,190035,0.950
2026-09-08 23:25:07.544,190050,0.950
2026-09-08 23:25:08.014,190105,0.950
2026-09-08 23:25:08.481,190100,0.950
2026-09-08 23:25:08.958,190035,0.950
2026-09-08 23:25:09.796,189795,0.950
2026-09-08 23:25:11.941,189765,0.950
2026-09-08 23:25:12.401,189970,0.950
2026-09-08 23:25:12.840,189945,0.950
2026-09-08 23:25:13.336,189970,0.950
2026-09-08 23:25:13.774,190035,0.950
2026-09-08 23:25:14.209,190065,0.950
2026-09-08 23:25:14.642,189930,0.950
2026-09-08 23:25:15.107,190055,0.950
2026-09-08 23:25:15.972,190160,0.950
2026-09-08 23:25:16.435,190150,0.950
2026-09-08 23:25:16.915,190245,0.950
2026-09-08 23:25:17.384,190435,0.950
2026-09-08 23:25:18.252,190625,0.950
2026-09-08 23:25:18.696,190605,0.950
2026-09-08 23:25:19.192,190515,0.950
2026-09-08 23:25:19.632,191010,0.950
2026-09-08 23:25:20.124,190875,0.950
2026-09-08 23:25:20.567,190870,0.950
2026-09-08 23:25:21.796,190865,0.950
2026-09-08 23:25:23.119,190725,0.950
2026-09-08 23:25:23.571,190555,0.950
2026-09-08 23:25:24.048,190500,0.950
2026-09-08 23:25:24.502,190055,0.950
2026-09-08 23:25:25.023,190235,0.950
2026-09-08 23:25:25.482,190170,0.950
2026-09-08 23:25:25.930,190065,0.950
2026-09-08 23:25:26.413,190155,0.950
2026-09-08 23:25:26.869,190120,0.950
2026-09-08 23:25:27.388,190030,0.950
2026-09-08 23:25:27.838,189915,0.950
2026-09-08 23:25:28.294,189910,0.950
2026-09-08 23:25:30.343,189835,0.950
2026-09-08 23:25:30.778,139735,0.950
2026-09-08 23:25:31.591,189705,0.950
2026-09-08 23:25:32.507,189815,0.950
2026-09-08 23:25:32.983,189938,0.950
2026-09-08 23:25:33.450,189955,0.950
2026-09-08 23:25:33.921,189975,0.950
2026-09-08 23:25:34.382,190090,0.950
2026-09-08 23:25:40.079,189990,0.950
2026-09-08 23:25:40.530,189938,0.950
2026-09-08 23:25:41.880,189738,0.950
2026-09-08 23:25:42.369,189815,0.950
2026-09-08 23:25:51.926,189910,0.950
2026-09-08 23:25:56.553,189780,0.950
2026-09-08 23:25:57.444,189705,0.950
2026-09-08 23:25:58.294,139735,0.950
2026-09-08 23:25:59.171,189835,0.950
2026-09-08 23:26:00.174,189910,0.950
2026-09-08 23:26:00.697,189915,0.950
2026-09-08 23:26:01.575,190030,0.950
2026-09-08 23:26:02.424,190120,0.950
2026-09-08 23:26:09.573,190155,0.950
2026-09-08 23:26:12.103,190065,0.950
2026-09-08 23:26:13.351,190040,0.950
2026-09-08 23:26:15.011,190170,0.950
2026-09-08 23:26:15.460,189970,0.950
2026-09-08 23:26:15.910,189925,0.950
2026-09-08 23:26:16.399,190055,0.950
2026-09-08 23:26:16.864,190235,0.950
2026-09-08 23:26:17.335,190500,0.950
2026-09-08 23:26:18.240,190565,0.950
2026-09-08 23:26:18.724,190725,0.950
2026-09-08 23:26:19.186,190865,0.950
2026-09-08 23:26:19.645,190870,0.950
2026-09-08 23:26:20.153,190875,0.950
2026-09-08 23:26:20.619,190515,0.950
2026-09-08 23:26:21.155,190590,0.950
2026-09-08 23:26:21.634,190435,0.950
2026-09-08 23:26:22.115,190245,0.950
2026-09-08 23:26:22.570,190150,0.950
2026-09-08 23:26:23.031,190160,0.950
2026-09-08 23:26:23.502,189930,0.950
2026-09-08 23:26:23.971,190065,0.950
2026-09-08 23:26:24.417,189970,0.950
2026-09-08 23:26:25.292,189795,0.950
2026-09-08 23:26:25.732,190035,0.950
2026-09-08 23:26:26.682,189795,0.950
2026-09-08 23:26:27.166,190500,0.950
2026-09-08 23:26:27.630,189990,0.950
2026-09-08 23:26:28.121,191565,0.950
2026-09-08 23:26:28.606,191200,0.950
2026-09-08 23:26:29.083,190320,0.950
2026-09-08 23:26:29.515,191200,0.950
2026-09-08 23:26:29.984,190480,0.950
2026-09-08 23:26:30.447,188970,0.950
2026-09-08 23:26:30.899,137600,0.950
2026-09-08 23:26:31.349,190035,0.950
2026-09-08 23:26:31.827,190330,0.950
2026-09-08 23:26:36.313,189405,0.950
2026-09-08 23:26:44.227,188940,0.950
2026-09-08 23:26:57.588,188970,0.950
2026-09-08 23:27:00.700,189130,0.950
2026-09-08 23:27:01.200,189320,0.950
2026-09-08 23:27:03.264,189590,0.950
2026-09-08 23:27:03.709,139770,0.950
2026-09-08 23:27:05.004,190595,0.950
2026-09-08 23:27:05.465,190225,0.950
2026-09-08 23:27:17.898,190255,0.950
2026-09-08 23:27:22.290,190480,0.950
2026-09-08 23:27:23.133,190435,0.950
2026-09-08 23:27:24.496,190725,0.950
2026-09-08 23:27:24.986,189990,0.950
2026-09-08 23:27:27.045,191065,0.950
2026-09-08 23:27:27.562,190025,0.950
2026-09-09 08:58:52.437,190740,0.950
2026-09-09 08:58:55.942,190650,0.950
2026-09-09 08:59:00.377,190725,0.950
2026-09-09 08:59:20.865,190640,0.950
2026-09-09 08:59:22.926,190630,0.950
2026-09-09 08:59:24.174,190640,0.950
2026-09-09 08:59:25.092,190630,0.950
2026-09-09 08:59:29.631,190550,0.950
2026-09-09 08:59:30.109,190540,0.950
2026-09-09 08:59:33.897,190500,0.950
2026-09-09 08:59:38.322,190445,0.950
2026-09-09 08:59:45.812,190300,0.950
2026-09-09 08:59:55.564,190380,0.950
2026-09-09 08:59:59.225,190610,0.950
2026-09-09 09:00:00.513,190580,0.950
2026-09-09 09:00:01.787,190535,0.950
2026-09-09 09:00:02.679,190525,0.950
2026-09-09 09:00:04.786,190500,0.950
2026-09-10 08:30:01.829,188550,0.950
2026-09-10 12:07:21.949,190780,0.950
2026-09-10 15:04:55.292,183515,0.950
2026-09-11 06:21:28.123,190465,0.950
2026-09-11 08:56:11.416,199900,0.950
2026-09-11 09:03:15.212,190465,0.950
2026-09-11 09:03:15.767,191200,0.950
2026-09-11 09:03:16.287,191300,0.950
2026-09-11 09:03:17.723,191345,0.950
2026-09-11 09:04:01.003,191100,0.950
2026-09-11 09:04:01.563,191145,0.950
2026-09-11 09:04:02.128,191165,0.950
2026-09-11 09:05:00.872,190610,0.950
2026-09-11 09:06:00.891,190010,0.950
2026-09-11 09:06:01.434,190020,0.950
2026-09-11 09:06:38.439,190030,0.950
2026-09-11 09:06:41.328,190050,0.950
2026-09-11 09:06:42.277,190070,0.950
2026-09-11 09:06:43.268,190095,0.950
2026-09-11 09:06:43.787,190170,0.950
2026-09-11 09:06:49.080,190175,0.950
2026-09-11 09:06:49.599,190180,0.950
2026-09-11 09:06:50.142,190205,0.950
2026-09-11 09:07:01.013,190150,0.950
2026-09-11 09:07:01.577,190190,0.950
2026-09-11 09:07:02.121,190210,0.950
2026-09-11 09:08:00.782,189925,0.950
2026-09-11 09:08:02.693,189960,0.950
2026-09-11 09:08:03.194,189975,0.950
2026-09-11 09:08:09.533,190025,0.950
2026-09-11 09:09:00.491,189720,0.950
2026-09-11 09:09:01.039,189730,0.950
2026-09-11 09:09:07.942,189750,0.950
2026-09-11 09:09:08.900,189755,0.950
2026-09-11 09:09:09.395,189795,0.950
2026-09-11 09:09:09.912,189805,0.950
2026-09-11 09:09:11.845,189810,0.950
2026-09-11 09:09:15.855,189840,0.950
2026-09-11 09:09:18.421,189855,0.950
2026-09-11 09:10:00.893,189790,0.950
2026-09-11 09:10:02.390,189800,0.950
2026-09-11 09:10:04.804,189805,0.950
2026-09-11 09:12:00.573,189690,0.950
2026-09-11 09:12:11.839,189695,0.950
2026-09-11 09:12:12.346,189710,0.950
2026-09-11 09:12:12.846,189720,0.950
2026-09-11 09:12:13.359,189745,0.950
2026-09-11 09:12:13.874,189755,0.950
2026-09-11 09:12:14.380,189760,0.950
2026-09-11 09:12:18.581,189765,0.950
2026-09-11 09:12:21.056,189790,0.950
2026-09-11 09:12:21.625,189795,0.950
2026-09-11 09:12:29.959,189825,0.950
2026-09-11 09:12:30.533,189870,0.950
2026-09-11 09:13:01.105,189660,0.950
2026-09-11 09:13:01.675,189680,0.950
2026-09-11 09:13:02.195,189690,0.950
2026-09-11 09:13:02.678,189705,0.950
2026-09-11 09:13:06.811,189710,0.950
2026-09-11 09:13:07.359,189715,0.950
2026-09-11 09:13:07.906,189720,0.950
2026-09-11 09:13:09.823,189735,0.950
2026-09-11 09:14:00.779,189715,0.950
2026-09-11 09:14:05.021,189720,0.950
2026-09-11 09:14:09.096,189735,0.950
2026-09-11 09:14:10.109,189745,0.950
2026-09-11 09:15:00.723,189715,0.950
2026-09-11 09:15:37.894,189725,0.950
2026-09-11 09:15:39.394,189735,0.950
2026-09-11 09:16:00.492,189650,0.950
2026-09-11 09:16:02.854,189655,0.950
2026-09-11 09:16:03.346,189675,0.950
2026-09-11 09:16:05.123,189690,0.950
2026-09-11 09:17:01.091,189630,0.950
2026-09-11 09:17:06.173,189680,0.950
2026-09-11 09:17:06.684,189685,0.950
2026-09-11 09:17:07.204,189700,0.950
2026-09-11 09:17:10.493,189710,0.950
2026-09-11 09:17:21.338,189715,0.950
2026-09-11 09:17:21.859,189720,0.950
2026-09-11 09:17:22.419,189725,0.950
2026-09-11 09:17:22.918,189730,0.950
2026-09-11 09:17:23.489,189735,0.950
2026-09-11 09:17:24.087,189745,0.950
2026-09-11 09:17:33.638,189750,0.950
2026-09-11 09:17:34.615,189770,0.950
2026-09-11 09:17:38.843,189785,0.950
2026-09-11 09:17:39.386,189790,0.950
2026-09-11 09:17:39.917,189795,0.950
2026-09-11 09:17:40.852,189810,0.950
2026-09-11 09:17:41.376,189815,0.950
2026-09-11 09:17:41.875,189825,0.950
2026-09-11 09:18:00.819,189770,0.950
2026-09-11 09:18:01.320,189800,0.950
2026-09-11 09:18:01.816,189805,0.950
2026-09-11 09:19:00.591,189790,0.950
2026-09-11 09:19:01.159,189795,0.950
2026-09-11 09:19:03.671,189800,0.950
2026-09-11 09:19:04.228,189810,0.950
2026-09-11 09:19:04.869,189820,0.950
2026-09-11 09:19:06.367,189825,0.950
2026-09-11 09:20:00.631,189740,0.950
2026-09-11 09:20:01.192,189755,0.950
2026-09-11 09:20:05.025,189765,0.950
2026-09-11 09:20:06.918,189775,0.950
2026-09-11 09:20:08.315,189785,0.950
2026-09-11 09:20:08.838,189795,0.950
2026-09-11 09:20:15.913,189805,0.950
2026-09-11 09:20:42.475,189810,0.950
2026-09-11 09:20:43.012,189835,0.950
2026-09-11 09:20:43.524,189860,0.950
2026-09-11 09:20:45.997,189865,0.950
2026-09-11 09:20:47.032,189880,0.950
2026-09-11 09:21:00.793,189785,0.950
2026-09-11 09:21:35.523,189790,0.950
2026-09-11 09:21:38.010,189795,0.950
2026-09-11 09:21:40.731,189800,0.950
2026-09-11 09:21:41.681,189875,0.950
2026-09-11 09:21:44.984,189890,0.950
2026-09-11 09:21:45.528,189895,0.950
2026-09-11 09:22:00.975,189830,0.950
2026-09-11 09:22:01.496,189835,0.950
2026-09-11 09:22:02.018,189845,0.950
2026-09-11 09:22:02.539,189850,0.950
2026-09-11 09:22:03.079,189855,0.950
2026-09-11 09:22:03.593,189860,0.950
2026-09-11 09:22:04.161,189865,0.950
2026-09-11 09:22:05.634,189870,0.950
2026-09-11 09:22:08.119,189875,0.950
2026-09-11 09:22:08.684,189915,0.950
2026-09-11 09:22:13.227,189935,0.950
2026-09-11 09:23:00.878,189825,0.950
2026-09-11 09:23:08.175,189830,0.950
2026-09-11 09:24:00.818,189705,0.950
2026-09-11 09:24:10.497,189710,0.950
2026-09-11 09:24:45.084,189715,0.950
2026-09-11 09:24:46.614,189720,0.950
2026-09-11 09:25:00.574,189710,0.950
2026-09-11 09:25:01.106,189760,0.950
2026-09-11 09:26:00.704,189650,0.950
2026-09-11 09:27:01.024,189405,0.950
2026-09-11 09:27:04.817,189425,0.950
2026-09-11 09:27:05.330,189475,0.950
2026-09-11 09:27:14.541,189480,0.950
2026-09-11 09:27:15.520,189495,0.950
2026-09-11 09:27:17.473,189500,0.950
2026-09-11 09:27:18.910,189505,0.950
2026-09-11 09:27:19.419,189510,0.950
2026-09-11 09:27:20.487,189525,0.950
2026-09-11 09:27:42.994,189530,0.950
2026-09-11 09:27:50.669,189540,0.950
2026-09-11 09:27:53.131,189580,0.950
2026-09-11 09:27:53.690,189615,0.950
2026-09-11 09:27:54.687,189620,0.950
2026-09-11 09:29:00.732,189505,0.950
2026-09-11 09:29:41.327,189540,0.950
2026-09-11 09:29:49.297,189550,0.950
2026-09-11 09:30:00.945,189440,0.950
2026-09-11 09:30:01.977,189475,0.950
2026-09-11 09:31:00.808,188890,0.950
2026-09-11 09:31:01.344,188900,0.950
2026-09-11 09:31:05.521,188905,0.950
2026-09-11 09:31:08.448,188930,0.950
2026-09-11 09:31:12.210,188935,0.950
2026-09-11 09:31:14.136,188960,0.950
2026-09-11 09:31:16.612,189000,0.950
2026-09-11 09:31:22.248,189010,0.950
2026-09-11 09:31:22.813,189015,0.950
2026-09-11 09:31:24.370,189045,0.950
2026-09-11 09:31:25.421,189075,0.950
2026-09-11 09:31:25.909,189090,0.950
2026-09-11 09:31:26.417,189100,0.950
2026-09-11 09:31:26.945,189120,0.950
2026-09-11 09:31:30.719,189160,0.950
2026-09-11 09:31:46.890,189165,0.950
2026-09-11 09:31:48.835,189210,0.950
2026-09-11 09:32:00.706,189040,0.950
2026-09-11 09:32:01.259,189045,0.950
2026-09-11 09:32:01.810,189050,0.950
2026-09-11 09:32:04.282,189070,0.950
2026-09-11 09:32:04.789,189085,0.950
2026-09-11 09:32:05.303,189105,0.950
2026-09-11 09:32:05.813,189115,0.950
2026-09-11 09:32:06.352,189120,0.950
2026-09-11 09:32:12.947,189160,0.950
2026-09-11 09:32:17.191,189165,0.950
2026-09-11 09:32:22.893,189170,0.950
2026-09-11 09:32:23.439,189185,0.950
2026-09-11 09:32:33.976,189210,0.950
2026-09-11 09:33:00.856,189055,0.950
2026-09-11 09:33:01.425,189075,0.950
2026-09-11 09:33:02.423,189080,0.950
2026-09-11 09:33:03.919,189090,0.950
2026-09-11 09:33:08.595,189120,0.950
2026-09-11 09:33:57.938,189140,0.950
2026-09-11 09:33:58.952,189150,0.950
2026-09-11 09:33:59.974,189190,0.950
2026-09-11 09:34:00.542,189175,0.950
2026-09-11 09:34:03.592,189185,0.950
2026-09-11 09:34:08.043,189195,0.950
2026-09-11 09:34:08.569,189210,0.950
2026-09-11 09:34:13.416,189240,0.950
2026-09-11 09:34:32.485,189245,0.950
2026-09-11 09:34:33.050,189265,0.950
2026-09-11 09:34:33.576,189270,0.950
2026-09-11 09:34:34.106,189280,0.950
2026-09-11 09:35:00.976,189120,0.950
2026-09-11 09:35:03.810,189145,0.950
2026-09-11 09:35:04.308,189150,0.950
2026-09-11 09:35:05.249,189155,0.950
2026-09-11 09:35:38.007,189165,0.950
2026-09-11 09:35:38.527,189180,0.950
2026-09-11 09:35:39.461,189185,0.950
2026-09-11 09:35:40.529,189195,0.950
2026-09-11 09:36:00.562,189145,0.950
2026-09-11 09:36:11.137,189150,0.950
2026-09-11 09:36:11.636,189160,0.950
2026-09-11 09:36:13.547,189165,0.950
2026-09-11 09:37:01.208,189135,0.950
2026-09-11 09:37:01.696,189140,0.950
2026-09-11 09:37:02.197,189145,0.950
2026-09-11 09:37:32.785,189150,0.950
2026-09-11 09:37:33.827,189155,0.950
2026-09-11 09:37:44.801,189160,0.950
2026-09-11 09:37:45.853,189165,0.950
2026-09-11 09:37:48.296,189205,0.950
2026-09-11 09:37:50.228,189230,0.950
2026-09-11 09:38:00.698,189165,0.950
2026-09-11 09:38:13.135,189180,0.950
2026-09-11 09:38:13.687,189200,0.950
2026-09-11 09:38:14.265,189205,0.950
2026-09-11 09:38:14.776,189235,0.950
2026-09-11 09:38:15.291,189240,0.950
2026-09-11 09:38:21.873,189250,0.950
2026-09-11 09:38:45.831,189260,0.950
2026-09-11 09:38:57.461,189270,0.950
2026-09-11 09:39:00.967,189225,0.950
2026-09-11 09:39:01.510,189230,0.950
2026-09-11 09:39:02.535,189240,0.950
2026-09-11 09:39:03.556,189255,0.950
2026-09-11 09:39:04.118,189260,0.950
2026-09-11 09:39:05.196,189275,0.950
2026-09-11 09:39:34.286,189285,0.950
2026-09-11 09:39:36.230,189290,0.950
2026-09-11 09:39:36.742,189325,0.950
2026-09-11 09:39:37.278,189330,0.950
2026-09-11 09:39:38.880,189340,0.950
2026-09-11 09:39:39.830,189345,0.950
2026-09-11 09:39:45.017,189355,0.950
2026-09-11 09:39:46.501,189360,0.950
2026-09-11 09:39:53.177,189400,0.950
2026-09-11 09:39:54.716,189405,0.950
2026-09-11 09:39:55.253,189420,0.950
2026-09-11 09:39:55.772,189425,0.950
2026-09-11 09:40:00.952,189380,0.950
2026-09-11 09:40:01.497,189410,0.950
2026-09-11 09:40:21.505,189420,0.950
2026-09-11 09:40:23.942,189435,0.950
2026-09-11 09:40:24.493,189445,0.950
2026-09-11 09:40:28.251,189450,0.950
2026-09-11 09:40:34.827,189460,0.950
2026-09-11 09:40:35.378,189485,0.950
2026-09-11 09:40:39.516,189490,0.950
2026-09-11 09:40:47.665,189525,0.950
2026-09-11 09:41:00.648,189480,0.950
2026-09-11 09:41:52.604,189485,0.950
2026-09-11 09:42:00.734,189440,0.950
2026-09-11 09:42:12.667,189445,0.950
2026-09-11 09:42:13.626,189460,0.950
2026-09-11 09:42:15.126,189470,0.950
2026-09-11 09:42:15.672,189480,0.950
2026-09-11 09:42:16.197,189490,0.950
2026-09-11 09:42:17.206,189515,0.950
2026-09-11 09:42:17.770,189540,0.950
2026-09-11 09:42:19.266,189545,0.950
2026-09-11 09:42:19.865,189550,0.950
2026-09-11 09:42:20.412,189560,0.950
2026-09-11 09:42:22.333,189570,0.950
2026-09-11 09:42:22.856,189575,0.950
2026-09-11 09:42:24.892,189580,0.950
2026-09-11 09:42:27.676,189585,0.950
2026-09-11 09:43:00.875,189475,0.950
2026-09-11 09:43:01.363,189480,0.950
2026-09-11 09:43:02.814,189485,0.950
2026-09-11 09:43:03.374,189500,0.950
2026-09-11 09:44:00.790,189445,0.950
2026-09-11 09:44:01.345,189450,0.950
2026-09-11 09:44:01.880,189455,0.950
2026-09-11 09:45:00.775,189155,0.950
2026-09-11 09:45:23.591,189160,0.950
2026-09-11 09:45:43.432,189165,0.950
2026-09-11 09:45:43.967,189180,0.950
2026-09-11 09:45:44.516,189185,0.950
2026-09-11 09:45:53.389,189190,0.950
2026-09-11 09:46:00.752,189145,0.950
2026-09-11 09:46:01.711,189150,0.950
2026-09-11 09:46:22.341,189165,0.950
2026-09-11 09:47:00.895,189150,0.950
2026-09-11 09:47:02.335,189170,0.950
2026-09-11 09:47:03.773,189175,0.950
2026-09-11 09:47:04.753,189180,0.950
2026-09-11 09:48:00.200,189185,0.950
2026-09-11 09:48:00.698,189160,0.950
2026-09-11 09:48:05.239,189165,0.950
2026-09-11 09:48:05.736,189175,0.950
2026-09-11 09:48:06.244,189180,0.950
2026-09-11 09:48:08.154,189185,0.950
2026-09-11 09:48:08.650,189195,0.950
2026-09-11 09:48:15.420,189220,0.950
2026-09-11 09:48:15.961,189240,0.950
2026-09-11 09:48:16.495,189250,0.950
2026-09-11 09:48:17.024,189255,0.950
2026-09-11 09:48:19.958,189280,0.950
2026-09-11 09:48:32.070,189300,0.950
2026-09-11 09:48:40.761,189305,0.950
2026-09-11 09:48:41.716,189310,0.950
2026-09-11 09:48:42.258,189340,0.950
2026-09-11 09:49:00.984,189285,0.950
2026-09-11 09:49:05.087,189315,0.950
2026-09-11 09:49:09.861,189325,0.950
2026-09-11 09:49:14.928,189330,0.950
2026-09-11 09:49:17.261,189345,0.950
2026-09-11 09:49:17.775,189350,0.950
2026-09-11 09:49:18.279,189360,0.950
2026-09-11 09:49:25.005,189365,0.950
2026-09-11 09:49:27.358,189370,0.950
2026-09-11 09:50:00.548,189235,0.950
2026-09-11 09:50:01.101,189240,0.950
2026-09-11 09:50:20.795,189250,0.950
2026-09-11 09:50:21.295,189270,0.950
2026-09-11 09:50:22.269,189295,0.950
2026-09-11 09:50:25.024,189320,0.950
2026-09-11 09:50:27.004,189330,0.950
2026-09-11 09:50:28.452,189345,0.950
2026-09-11 09:50:30.994,189385,0.950
2026-09-11 09:51:00.872,189320,0.950
2026-09-11 09:51:02.850,189330,0.950
2026-09-11 09:51:04.772,189405,0.950
2026-09-11 09:52:00.574,189320,0.950
2026-09-11 09:52:01.123,189325,0.950
2026-09-11 09:52:08.982,189340,0.950
2026-09-11 09:52:23.794,189350,0.950
2026-09-11 09:52:24.849,189355,0.950
2026-09-11 09:52:56.268,189365,0.950
2026-09-11 09:53:00.947,189325,0.950
2026-09-11 09:53:01.492,189345,0.950
2026-09-11 09:53:03.478,189350,0.950
2026-09-11 09:53:04.062,189360,0.950
2026-09-11 09:53:04.590,189365,0.950
2026-09-11 09:53:05.126,189370,0.950
2026-09-11 09:53:05.671,189375,0.950
2026-09-11 09:53:22.201,189385,0.950
2026-09-11 09:53:23.173,189390,0.950
2026-09-11 09:53:24.659,189395,0.950
2026-09-11 09:53:25.722,189405,0.950
2026-09-11 09:53:26.269,189410,0.950
2026-09-11 09:53:26.859,189430,0.950
2026-09-11 09:53:27.392,189435,0.950
2026-09-11 09:54:00.720,189360,0.950
2026-09-11 09:54:04.908,189375,0.950
2026-09-11 09:54:05.421,189385,0.950
2026-09-11 09:54:18.614,189425,0.950
2026-09-11 09:55:01.406,189245,0.950
2026-09-11 09:55:03.459,189250,0.950
2026-09-11 09:55:04.080,189255,0.950
2026-09-11 09:55:11.938,189305,0.950
2026-09-11 09:55:20.144,189330,0.950
2026-09-11 09:55:29.604,189340,0.950
2026-09-11 09:55:32.433,189345,0.950
2026-09-11 09:55:41.029,189355,0.950
2026-09-11 09:56:00.756,189315,0.950
2026-09-11 09:56:15.035,189325,0.950
2026-09-11 09:56:16.492,189330,0.950
2026-09-11 09:56:17.022,189350,0.950
2026-09-11 09:56:18.023,189360,0.950
2026-09-11 09:56:22.614,189365,0.950
2026-09-11 09:56:24.028,189375,0.950
2026-09-11 09:56:24.648,189390,0.950
2026-09-11 09:56:25.208,189455,0.950
2026-09-11 09:56:25.761,189460,0.950
2026-09-11 09:56:27.286,189470,0.950
2026-09-11 09:56:29.658,189480,0.950
2026-09-11 09:56:30.259,189495,0.950
2026-09-11 09:56:31.712,189505,0.950
2026-09-11 09:56:32.672,189510,0.950
2026-09-11 09:56:34.649,189515,0.950
2026-09-11 09:56:35.650,189525,0.950
2026-09-11 09:57:01.215,189490,0.950
2026-09-11 09:57:01.714,189495,0.950
2026-09-11 09:57:12.040,189515,0.950
2026-09-11 09:57:13.023,189520,0.950
2026-09-11 09:57:14.500,189525,0.950
2026-09-11 09:57:15.028,189530,0.950
2026-09-11 09:57:51.705,189540,0.950
2026-09-11 09:58:00.579,189460,0.950
2026-09-11 09:58:07.416,189465,0.950
2026-09-11 09:58:11.279,189470,0.950
2026-09-11 09:58:28.882,189480,0.950
2026-09-11 09:58:29.845,189510,0.950
2026-09-11 09:58:31.772,189525,0.950
2026-09-11 09:58:33.183,189530,0.950
2026-09-11 09:58:33.696,189535,0.950
2026-09-11 09:58:34.204,189560,0.950
2026-09-11 09:58:35.170,189715,0.950
2026-09-11 09:58:37.085,189725,0.950
2026-09-11 09:58:38.121,189825,0.950
2026-09-11 09:58:41.357,189840,0.950
2026-09-11 09:58:47.216,189850,0.950
2026-09-11 09:58:47.824,189875,0.950
2026-09-11 09:58:59.088,189885,0.950
2026-09-11 09:58:59.603,189890,0.950
2026-09-11 09:59:00.326,189895,0.950
2026-09-11 09:59:01.344,189915,0.950
2026-09-11 09:59:01.924,189955,0.950
2026-09-11 09:59:19.422,189965,0.950
2026-09-11 09:59:19.972,189975,0.950
2026-09-11 09:59:22.001,190005,0.950
2026-09-11 09:59:22.525,190035,0.950
2026-09-11 09:59:48.708,190050,0.950
2026-09-11 09:59:50.705,190055,0.950
2026-09-11 09:59:51.275,190070,0.950
2026-09-11 09:59:51.895,190075,0.950
2026-09-11 10:00:00.943,189950,0.950
2026-09-11 10:00:01.516,190070,0.950
2026-09-11 10:00:02.018,190090,0.950
2026-09-11 10:00:02.523,190105,0.950
2026-09-11 10:00:03.542,190120,0.950
2026-09-11 10:00:10.171,190125,0.950
2026-09-11 10:00:10.710,190130,0.950
2026-09-11 10:00:12.724,190215,0.950
2026-09-11 10:00:13.272,190220,0.950
2026-09-11 10:00:13.778,190230,0.950
2026-09-11 10:00:14.280,190250,0.950
2026-09-11 10:00:18.595,190260,0.950
2026-09-11 10:00:19.135,190270,0.950
2026-09-11 10:00:19.696,190275,0.950
2026-09-11 10:00:24.948,190285,0.950
2026-09-11 10:00:25.506,190295,0.950
2026-09-11 10:00:29.710,190355,0.950
2026-09-11 10:00:33.412,190365,0.950
2026-09-11 10:00:33.987,190420,0.950
2026-09-11 10:01:00.726,190195,0.950
2026-09-11 10:01:01.297,190200,0.950
2026-09-11 10:01:14.590,190220,0.950
2026-09-11 10:01:22.788,190225,0.950
2026-09-11 10:01:23.327,190245,0.950
2026-09-11 10:01:23.854,190290,0.950
2026-09-11 10:01:54.460,190295,0.950
2026-09-11 10:01:55.891,190300,0.950
2026-09-11 10:01:56.893,190320,0.950
2026-09-11 10:01:57.443,190350,0.950
2026-09-11 10:01:57.998,190355,0.950
2026-09-11 10:01:58.545,190375,0.950
2026-09-11 10:02:00.920,190380,0.950
2026-09-11 10:02:01.522,190395,0.950
2026-09-11 10:02:13.945,190435,0.950
2026-09-11 10:02:14.466,190440,0.950
2026-09-11 10:02:14.957,190455,0.950
2026-09-11 10:02:15.438,190480,0.950
2026-09-11 10:02:15.942,190490,0.950
2026-09-11 10:02:16.444,190505,0.950
2026-09-11 10:02:17.372,190510,0.950
2026-09-11 10:02:19.840,190545,0.950
2026-09-11 10:02:20.401,190585,0.950
2026-09-11 10:03:01.035,190330,0.950
2026-09-11 10:03:51.125,190380,0.950
2026-09-11 10:03:51.715,190395,0.950
2026-09-11 10:03:53.229,190410,0.950
2026-09-11 10:03:53.761,190430,0.950
2026-09-11 10:04:01.123,190370,0.950
2026-09-11 10:04:14.449,190385,0.950
2026-09-11 10:04:15.001,190400,0.950
2026-09-11 10:04:16.059,190405,0.950
2026-09-11 10:04:16.633,190420,0.950
2026-09-11 10:04:40.464,190430,0.950
2026-09-11 10:04:40.959,190465,0.950
2026-09-11 10:05:00.662,190295,0.950
2026-09-11 10:05:01.657,190310,0.950
2026-09-11 10:05:52.219,190335,0.950
2026-09-11 10:05:53.743,190345,0.950
2026-09-11 10:05:54.288,190350,0.950
2026-09-11 10:05:56.340,190395,0.950
2026-09-11 10:06:01.161,190335,0.950
2026-09-11 10:06:01.776,190340,0.950
2026-09-11 10:06:03.227,190360,0.950
2026-09-11 10:06:03.805,190390,0.950
2026-09-11 10:06:04.831,190400,0.950
2026-09-11 10:06:09.003,190410,0.950
2026-09-11 10:06:09.617,190435,0.950
2026-09-11 10:06:10.176,190440,0.950
2026-09-11 10:06:13.935,190445,0.950
2026-09-11 10:06:17.650,190480,0.950
2026-09-11 10:06:18.657,190485,0.950
2026-09-11 10:07:00.767,190390,0.950
2026-09-11 10:08:01.005,189845,0.950
2026-09-11 10:08:01.508,189850,0.950
2026-09-11 10:09:00.557,189750,0.950
2026-09-11 10:09:17.874,189775,0.950
2026-09-11 10:09:18.434,189790,0.950
2026-09-11 10:09:20.475,189795,0.950
2026-09-11 10:09:20.997,189815,0.950
2026-09-11 10:09:28.902,189825,0.950
2026-09-11 10:09:29.468,189830,0.950
2026-09-11 10:09:30.950,189860,0.950
2026-09-11 10:09:31.517,189880,0.950
2026-09-11 10:10:00.710,189760,0.950
2026-09-11 10:10:01.216,189765,0.950
2026-09-11 10:10:03.981,189770,0.950
2026-09-11 10:11:00.666,189690,0.950
2026-09-11 10:11:06.500,189700,0.950
2026-09-11 10:11:08.440,189705,0.950
2026-09-11 10:11:09.500,189720,0.950
2026-09-11 10:11:21.189,189725,0.950
2026-09-11 10:11:27.145,189735,0.950
2026-09-11 10:11:34.307,189770,0.950
2026-09-11 10:12:00.766,189655,0.950
2026-09-11 10:12:01.310,189665,0.950
2026-09-11 10:12:01.824,189675,0.950
2026-09-11 10:12:03.351,189680,0.950
2026-09-11 10:12:04.789,189695,0.950
2026-09-11 10:12:05.305,189700,0.950
2026-09-11 10:13:00.716,189465,0.950
2026-09-11 10:13:32.417,189475,0.950
2026-09-11 10:13:35.667,189480,0.950
2026-09-11 10:13:36.279,189485,0.950
2026-09-11 10:13:36.823,189500,0.950
2026-09-11 10:13:39.325,189510,0.950
2026-09-11 10:13:42.627,189520,0.950
2026-09-11 10:13:52.461,189530,0.950
2026-09-11 10:13:53.598,189550,0.950
2026-09-11 10:14:01.274,189530,0.950
2026-09-11 10:15:00.902,189440,0.950
2026-09-11 10:16:00.646,189175,0.950
2026-09-11 10:16:36.137,189200,0.950
2026-09-11 10:16:37.633,189225,0.950
2026-09-11 10:17:01.206,189170,0.950
2026-09-11 10:17:01.703,189175,0.950
2026-09-11 10:17:02.221,189180,0.950
2026-09-11 10:17:02.766,189185,0.950
2026-09-11 10:17:03.361,189215,0.950
2026-09-11 10:17:07.609,189225,0.950
2026-09-11 10:17:08.240,189230,0.950
2026-09-11 10:17:08.784,189235,0.950
2026-09-11 10:17:10.210,189240,0.950
2026-09-11 10:17:10.688,189245,0.950
2026-09-11 10:17:19.355,189265,0.950
2026-09-11 10:17:19.861,189295,0.950
2026-09-11 10:17:20.395,189305,0.950
2026-09-11 10:17:20.945,189320,0.950
2026-09-11 10:17:22.024,189330,0.950
2026-09-11 10:17:26.770,189345,0.950
2026-09-11 10:17:28.310,189360,0.950
2026-09-11 10:17:28.863,189380,0.950
2026-09-11 10:17:29.400,189395,0.950
2026-09-11 10:17:31.363,189410,0.950
2026-09-11 10:17:31.863,189415,0.950
2026-09-11 10:17:32.358,189420,0.950
2026-09-11 10:17:34.758,189460,0.950
2026-09-11 10:17:54.914,189495,0.950
2026-09-11 10:26:01.149,189695,0.950
2026-09-11 10:26:07.518,189700,0.950
2026-09-11 10:26:08.035,189705,0.950
2026-09-11 10:26:09.995,189710,0.950
2026-09-11 10:26:11.523,189725,0.950
2026-09-11 10:26:12.551,189730,0.950
2026-09-11 10:26:13.900,189745,0.950
2026-09-11 10:26:14.900,189755,0.950
2026-09-11 10:26:25.199,189760,0.950
2026-09-11 10:26:27.625,189770,0.950
2026-09-11 10:26:29.433,189775,0.950
2026-09-11 10:27:00.589,189695,0.950
2026-09-11 10:27:01.124,189705,0.950
2026-09-11 10:27:01.703,189710,0.950
2026-09-11 10:27:12.500,189735,0.950
2026-09-11 10:27:13.021,189740,0.950
2026-09-11 10:27:14.009,189745,0.950
2026-09-11 10:27:16.420,189750,0.950
2026-09-11 10:27:17.924,189755,0.950
2026-09-11 10:27:18.457,189765,0.950
2026-09-11 10:27:30.570,189775,0.950
2026-09-11 10:27:31.584,189780,0.950
2026-09-11 10:27:32.643,189885,0.950
2026-09-11 10:28:00.826,189810,0.950
2026-09-11 10:28:02.358,189825,0.950
2026-09-11 10:28:02.938,189830,0.950
2026-09-11 10:28:24.313,189835,0.950
2026-09-11 10:28:26.687,189865,0.950
2026-09-11 10:28:27.718,189890,0.950
2026-09-11 10:28:28.239,189930,0.950
2026-09-11 10:28:28.843,189950,0.950
2026-09-11 10:28:29.488,189985,0.950
2026-09-11 10:29:00.849,189760,0.950
2026-09-11 10:29:06.959,189765,0.950
2026-09-11 10:29:08.420,189775,0.950
2026-09-11 10:29:23.323,189790,0.950
2026-09-11 10:29:23.845,189795,0.950
2026-09-11 10:29:24.883,189800,0.950
2026-09-11 10:29:27.344,189810,0.950
2026-09-11 10:29:28.360,189815,0.950
2026-09-11 10:29:28.896,189820,0.950
2026-09-11 10:29:29.443,189835,0.950
2026-09-11 10:30:01.014,189705,0.950
2026-09-11 10:30:11.541,189725,0.950
2026-09-11 10:30:14.472,189735,0.950
2026-09-11 10:30:15.028,189760,0.950
2026-09-11 10:31:01.270,189570,0.950
2026-09-11 10:31:02.769,189575,0.950
2026-09-11 10:31:04.242,189595,0.950
2026-09-11 10:31:04.737,189600,0.950
2026-09-11 10:32:00.500,189300,0.950
2026-09-11 10:32:01.007,189310,0.950
2026-09-11 10:32:33.422,189315,0.950
2026-09-11 10:32:35.416,189325,0.950
2026-09-11 10:33:00.954,189265,0.950
2026-09-11 10:33:02.513,189275,0.950
2026-09-11 10:33:03.079,189280,0.950
2026-09-11 10:33:17.855,189285,0.950
2026-09-11 10:34:00.535,189220,0.950
2026-09-11 10:34:03.004,189230,0.950
2026-09-11 10:34:05.377,189235,0.950
2026-09-11 10:34:07.815,189240,0.950
2026-09-11 10:34:08.360,189255,0.950
2026-09-11 10:34:08.929,189300,0.950
2026-09-11 10:34:09.459,189360,0.950
2026-09-11 10:34:10.014,189375,0.950
2026-09-11 10:34:11.023,189385,0.950
2026-09-11 10:34:26.883,189405,0.950
2026-09-11 10:34:27.447,189440,0.950
2026-09-11 10:34:28.004,189500,0.950
2026-09-11 10:34:32.329,189505,0.950
2026-09-11 10:34:32.826,189525,0.950
2026-09-11 10:35:00.977,189430,0.950
2026-09-11 10:35:02.055,189440,0.950
2026-09-11 10:35:02.641,189450,0.950
2026-09-11 10:35:03.212,189455,0.950
2026-09-11 10:35:04.228,189460,0.950
2026-09-11 10:35:04.753,189500,0.950
2026-09-11 10:35:05.277,189525,0.950
2026-09-11 10:35:05.819,189540,0.950
2026-09-11 10:35:09.203,189565,0.950
2026-09-11 10:35:09.742,189625,0.950
2026-09-11 10:35:17.080,189630,0.950
2026-09-11 10:35:17.611,189645,0.950
2026-09-11 10:36:00.960,189240,0.950
2026-09-11 10:36:07.762,189250,0.950
2026-09-11 10:36:12.957,189255,0.950
2026-09-11 10:36:13.497,189275,0.950
2026-09-11 10:36:14.034,189280,0.950
2026-09-11 10:36:14.594,189290,0.950
2026-09-11 10:36:17.936,189300,0.950
2026-09-11 10:36:18.439,189310,0.950
2026-09-11 10:36:19.458,189315,0.950
2026-09-11 10:37:01.307,188960,0.950
2026-09-11 10:37:01.801,188970,0.950
2026-09-11 10:37:04.716,188980,0.950
2026-09-11 10:37:05.251,189010,0.950
2026-09-11 10:37:06.266,189015,0.950
2026-09-11 10:37:07.258,189030,0.950
2026-09-11 10:37:07.758,189035,0.950
2026-09-11 10:37:08.268,189045,0.950
2026-09-11 10:37:08.824,189055,0.950
2026-09-11 10:37:09.367,189060,0.950
2026-09-11 10:37:16.840,189065,0.950
2026-09-11 10:37:17.395,189080,0.950
2026-09-11 10:37:17.945,189085,0.950
2026-09-11 10:37:18.491,189105,0.950
2026-09-11 10:37:19.019,189110,0.950
2026-09-11 10:37:29.346,189125,0.950
2026-09-11 10:37:31.312,189140,0.950
2026-09-11 10:37:49.160,189145,0.950
2026-09-11 10:37:52.401,189165,0.950
2026-09-11 10:37:52.921,189180,0.950
2026-09-11 10:37:53.891,189185,0.950
2026-09-11 10:37:54.848,189190,0.950
2026-09-11 10:37:55.376,189205,0.950
2026-09-11 10:38:01.020,189155,0.950
2026-09-11 10:39:00.983,188860,0.950
2026-09-11 10:39:04.613,188885,0.950
2026-09-11 10:39:05.710,188890,0.950
2026-09-11 10:39:06.670,188895,0.950
2026-09-11 10:39:07.165,188900,0.950
2026-09-11 10:39:07.681,188915,0.950
2026-09-11 10:39:08.183,188925,0.950
2026-09-11 10:39:09.572,188930,0.950
2026-09-11 10:39:10.127,188950,0.950
2026-09-11 10:39:16.462,188975,0.950
2026-09-11 10:39:17.410,188980,0.950
2026-09-11 10:39:18.379,188995,0.950
2026-09-11 10:39:18.876,189015,0.950
2026-09-11 10:39:19.813,189025,0.950
2026-09-11 10:39:21.263,189040,0.950
2026-09-11 10:39:22.235,189045,0.950
2026-09-11 10:39:23.166,189050,0.950
2026-09-11 10:39:26.785,189055,0.950
2026-09-11 10:39:29.064,189080,0.950
2026-09-11 10:39:29.638,189090,0.950
2026-09-11 10:39:30.160,189110,0.950
2026-09-11 10:39:32.135,189130,0.950
2026-09-11 10:39:34.105,189135,0.950
2026-09-11 10:39:58.246,189150,0.950
2026-09-11 10:39:58.754,189180,0.950
2026-09-11 10:39:59.256,189185,0.950
2026-09-11 10:39:59.769,189200,0.950
2026-09-11 10:40:00.279,189235,0.950
2026-09-11 10:40:00.784,189250,0.950
2026-09-11 10:40:07.270,189260,0.950
2026-09-11 10:40:07.801,189270,0.950
2026-09-11 10:40:08.324,189280,0.950
2026-09-11 10:40:08.822,189305,0.950
2026-09-11 10:40:20.200,189310,0.950
2026-09-11 10:40:20.704,189340,0.950
2026-09-11 10:40:37.600,189370,0.950
2026-09-11 10:40:38.088,189415,0.950
2026-09-11 10:40:38.574,189425,0.950
2026-09-11 10:40:40.568,189435,0.950
2026-09-11 10:40:58.604,189465,0.950
2026-09-11 10:41:00.568,189420,0.950
2026-09-11 10:41:01.141,189465,0.950
2026-09-11 10:41:01.683,189475,0.950
2026-09-11 10:42:00.945,189300,0.950
2026-09-11 10:42:12.359,189320,0.950
2026-09-11 10:43:00.997,189165,0.950
2026-09-11 10:43:11.000,189185,0.950
2026-09-11 10:43:11.505,189235,0.950
2026-09-11 10:43:18.953,189250,0.950
2026-09-11 10:43:19.921,189260,0.950
2026-09-11 10:43:31.184,189275,0.950
2026-09-11 10:43:32.644,189280,0.950
2026-09-11 10:44:01.151,189145,0.950
2026-09-11 10:44:41.426,189155,0.950
2026-09-11 10:44:42.907,189175,0.950
2026-09-11 10:44:43.466,189195,0.950
2026-09-11 10:44:43.972,189200,0.950
2026-09-11 10:44:46.856,189205,0.950
2026-09-11 10:44:52.657,189210,0.950
2026-09-11 10:44:54.577,189225,0.950
2026-09-11 10:44:55.085,189240,0.950
2026-09-11 10:44:55.744,189245,0.950
2026-09-11 10:44:56.265,189255,0.950
2026-09-11 10:44:59.593,189260,0.950
2026-09-11 10:45:00.609,189255,0.950
2026-09-11 10:45:01.131,189275,0.950
2026-09-11 10:45:01.654,189330,0.950
2026-09-11 10:45:02.680,189335,0.950
2026-09-11 10:45:05.207,189350,0.950
2026-09-11 10:45:07.520,189385,0.950
2026-09-11 10:45:08.031,189390,0.950
2026-09-11 10:45:08.584,189395,0.950
2026-09-11 10:45:25.342,189400,0.950
2026-09-11 10:46:00.561,189295,0.950
2026-09-11 10:46:01.554,189300,0.950
2026-09-11 10:46:08.206,189310,0.950
2026-09-11 10:46:11.460,189320,0.950
2026-09-11 10:46:12.046,189330,0.950
2026-09-11 10:46:12.536,189335,0.950
2026-09-11 10:46:13.462,189340,0.950
2026-09-11 10:46:14.873,189345,0.950
2026-09-11 10:46:16.326,189350,0.950
2026-09-11 10:46:16.832,189355,0.950
2026-09-11 10:46:18.676,189360,0.950
2026-09-11 10:46:24.039,189365,0.950
2026-09-11 10:46:24.571,189380,0.950
2026-09-11 10:46:25.077,189425,0.950
2026-09-11 10:46:25.578,189435,0.950
2026-09-11 10:46:36.845,189445,0.950
2026-09-11 10:46:45.829,189460,0.950
2026-09-11 10:46:46.360,189520,0.950
2026-09-11 10:47:00.609,189410,0.950
2026-09-11 10:47:01.120,189415,0.950
2026-09-11 10:47:05.642,189430,0.950
2026-09-11 10:47:06.561,189435,0.950
2026-09-11 10:47:07.057,189440,0.950
2026-09-11 10:48:00.527,189400,0.950
2026-09-11 10:48:01.061,189410,0.950
2026-09-11 10:48:01.622,189425,0.950
2026-09-11 10:48:02.165,189440,0.950
2026-09-11 10:48:09.339,189455,0.950
2026-09-11 10:48:35.321,189470,0.950
2026-09-11 10:48:35.886,189495,0.950
2026-09-11 10:49:00.626,189340,0.950
2026-09-11 10:49:03.319,189360,0.950
2026-09-11 10:49:03.909,189370,0.950
2026-09-11 10:49:04.978,189375,0.950
2026-09-11 10:49:05.574,189390,0.950
2026-09-11 10:49:06.139,189395,0.950
2026-09-11 10:49:07.098,189400,0.950
2026-09-11 10:50:01.169,189205,0.950
2026-09-11 10:50:03.649,189210,0.950
2026-09-11 10:50:05.626,189215,0.950
2026-09-11 10:50:35.927,189225,0.950
2026-09-11 10:50:52.424,189230,0.950
2026-09-11 10:50:52.937,189245,0.950
2026-09-11 10:51:00.669,189175,0.950
2026-09-11 10:51:01.194,189195,0.950
2026-09-11 10:51:33.914,189205,0.950
2026-09-11 10:51:34.412,189215,0.950
2026-09-11 10:52:01.049,189085,0.950
2026-09-11 10:52:02.502,189095,0.950
2026-09-11 10:52:33.867,189110,0.950
2026-09-11 10:52:40.834,189120,0.950
2026-09-11 10:52:43.774,189130,0.950
2026-09-11 10:53:01.217,189040,0.950
2026-09-11 10:53:03.138,189070,0.950
2026-09-11 10:53:03.616,189075,0.950
2026-09-11 10:53:05.423,189100,0.950
2026-09-11 10:53:05.914,189105,0.950
2026-09-11 10:53:06.417,189125,0.950
2026-09-11 10:53:08.738,189150,0.950
2026-09-11 10:53:11.108,189200,0.950
2026-09-11 10:53:11.683,189215,0.950
2026-09-11 10:53:13.129,189240,0.950
2026-09-11 10:53:13.702,189260,0.950
2026-09-11 10:53:42.254,189265,0.950
2026-09-11 10:53:44.688,189270,0.950
2026-09-11 10:53:45.241,189280,0.950
2026-09-11 10:53:46.670,189295,0.950
2026-09-11 10:53:47.180,189330,0.950
2026-09-11 10:53:48.124,189335,0.950
2026-09-11 10:53:49.642,189340,0.950
2026-09-11 10:54:00.989,189245,0.950
2026-09-11 10:54:01.520,189255,0.950
2026-09-11 10:54:03.072,189260,0.950
2026-09-11 10:54:03.604,189265,0.950
2026-09-11 10:54:05.659,189275,0.950
2026-09-11 10:54:06.167,189280,0.950
2026-09-11 10:54:06.756,189290,0.950
2026-09-11 10:54:07.261,189300,0.950
2026-09-11 10:54:27.074,189305,0.950
2026-09-11 10:54:27.578,189310,0.950
2026-09-11 10:54:28.061,189315,0.950
2026-09-11 10:54:29.015,189350,0.950
2026-09-11 10:54:31.905,189370,0.950
2026-09-11 10:54:32.423,189375,0.950
2026-09-11 10:55:00.816,189255,0.950
2026-09-11 10:55:01.767,189265,0.950
2026-09-11 10:55:05.537,189270,0.950
2026-09-11 10:55:06.503,189275,0.950
2026-09-11 10:55:07.038,189285,0.950
2026-09-11 10:55:07.556,189300,0.950
2026-09-11 10:55:19.395,189315,0.950
2026-09-11 10:56:00.598,189270,0.950
2026-09-11 10:56:24.972,189280,0.950
2026-09-11 10:56:25.526,189295,0.950
2026-09-11 10:56:26.035,189300,0.950
2026-09-11 10:56:43.004,189305,0.950
2026-09-11 10:57:00.829,189215,0.950
2026-09-11 10:57:26.539,189220,0.950
2026-09-11 10:57:31.295,189230,0.950
2026-09-11 10:57:32.324,189240,0.950
2026-09-11 10:57:32.835,189250,0.950
2026-09-11 10:57:33.884,189255,0.950
2026-09-11 10:57:34.866,189260,0.950
2026-09-11 10:57:49.775,189280,0.950
2026-09-11 10:57:50.784,189300,0.950
2026-09-11 10:58:00.979,189240,0.950
2026-09-11 10:58:08.235,189250,0.950
2026-09-11 10:58:08.770,189260,0.950
2026-09-11 10:58:09.294,189270,0.950
2026-09-11 10:58:13.210,189275,0.950
2026-09-11 10:58:15.092,189280,0.950
2026-09-11 10:58:16.084,189290,0.950
2026-09-11 10:58:17.598,189300,0.950
2026-09-11 10:58:34.220,189310,0.950
2026-09-11 10:58:34.737,189325,0.950
2026-09-11 10:58:57.537,189335,0.950
2026-09-11 10:58:58.059,189340,0.950
2026-09-11 10:58:58.607,189345,0.950
2026-09-11 10:59:00.236,189350,0.950
2026-09-11 10:59:00.767,189345,0.950
2026-09-11 10:59:01.303,189370,0.950
2026-09-11 10:59:01.957,189375,0.950
2026-09-11 10:59:15.241,189380,0.950
2026-09-11 10:59:17.259,189405,0.950
2026-09-11 10:59:17.812,189420,0.950
2026-09-11 11:00:00.861,189375,0.950
2026-09-11 11:00:01.383,189380,0.950
2026-09-11 11:01:01.185,189025,0.950
2026-09-11 11:01:02.207,189035,0.950
2026-09-11 11:01:27.340,189040,0.950
2026-09-11 11:01:29.271,189050,0.950
2026-09-11 11:01:29.837,189060,0.950
2026-09-11 11:01:31.843,189080,0.950
2026-09-11 11:02:01.080,188775,0.950
2026-09-11 11:02:30.515,188780,0.950
2026-09-11 11:02:37.693,188790,0.950
2026-09-11 11:02:38.203,188795,0.950
2026-09-11 11:02:39.209,188815,0.950
2026-09-11 11:02:40.348,188820,0.950
2026-09-11 11:02:41.027,188830,0.950
2026-09-11 11:02:41.559,188835,0.950
2026-09-11 11:02:53.575,188865,0.950
2026-09-11 11:02:54.121,188885,0.950
2026-09-11 11:03:00.654,188850,0.950
2026-09-11 11:03:28.764,188880,0.950
2026-09-11 11:03:29.268,188920,0.950
2026-09-11 11:04:00.545,188890,0.950
2026-09-11 11:04:05.310,188895,0.950
2026-09-11 11:04:05.881,188950,0.950
2026-09-11 11:04:19.352,188965,0.950
2026-09-11 11:04:21.311,188985,0.950
2026-09-11 11:04:21.889,189010,0.950
2026-09-11 11:04:51.378,189035,0.950
2026-09-11 11:04:51.903,189045,0.950
2026-09-11 11:05:00.859,188940,0.950
2026-09-11 11:05:01.993,188950,0.950
2026-09-11 11:05:03.105,188965,0.950
2026-09-11 11:05:03.646,188980,0.950
2026-09-11 11:05:20.323,188985,0.950
2026-09-11 11:05:21.352,188990,0.950
2026-09-11 11:05:29.439,188995,0.950
2026-09-11 11:06:00.929,188985,0.950
2026-09-11 11:06:02.902,188990,0.950
2026-09-11 11:06:03.839,188995,0.950
2026-09-11 11:06:11.465,189015,0.950
2026-09-11 11:06:11.990,189025,0.950
2026-09-11 11:07:01.065,188860,0.950
2026-09-11 11:07:02.011,188865,0.950
2026-09-11 11:07:06.152,188895,0.950
2026-09-11 11:07:07.974,188910,0.950
2026-09-11 11:07:10.321,188920,0.950
2026-09-11 11:07:11.709,188925,0.950
2026-09-11 11:07:12.216,188935,0.950
2026-09-11 11:07:12.754,188945,0.950
2026-09-11 11:07:13.339,188950,0.950
2026-09-11 11:07:13.915,188955,0.950
2026-09-11 11:07:15.416,188965,0.950
2026-09-11 11:07:15.930,188975,0.950
2026-09-11 11:07:18.271,188990,0.950
2026-09-11 11:08:00.806,188925,0.950
2026-09-11 11:08:05.939,188930,0.950
2026-09-11 11:08:09.221,188950,0.950
2026-09-11 11:08:09.756,188955,0.950
2026-09-11 11:08:17.963,188965,0.950
2026-09-11 11:08:22.585,188990,0.950
2026-09-11 11:08:23.085,189000,0.950
2026-09-11 11:08:24.995,189025,0.950
2026-09-11 11:08:25.515,189035,0.950
2026-09-11 11:08:26.893,189040,0.950
2026-09-11 11:08:31.869,189050,0.950
2026-09-11 11:08:32.365,189065,0.950
2026-09-11 11:08:34.213,189075,0.950
2026-09-11 11:08:34.708,189100,0.950
2026-09-11 11:08:36.570,189120,0.950
2026-09-11 11:08:37.523,189125,0.950
2026-09-11 11:09:00.714,189045,0.950
2026-09-11 11:09:01.255,189060,0.950
2026-09-11 11:09:02.337,189070,0.950
2026-09-11 11:09:16.041,189080,0.950
2026-09-11 11:09:22.034,189100,0.950
2026-09-11 11:09:22.651,189105,0.950
2026-09-11 11:09:25.974,189110,0.950
2026-09-11 11:09:26.547,189135,0.950
2026-09-11 11:09:27.138,189145,0.950
2026-09-11 11:09:27.672,189150,0.950
2026-09-11 11:09:36.097,189160,0.950
2026-09-11 11:09:38.601,189185,0.950
2026-09-11 11:09:39.146,189190,0.950
2026-09-11 11:09:40.203,189220,0.950
2026-09-11 11:09:46.045,189225,0.950
2026-09-11 11:10:00.553,189145,0.950
2026-09-11 11:10:02.922,189150,0.950
2026-09-11 11:10:03.482,189155,0.950
2026-09-11 11:10:03.981,189170,0.950
2026-09-11 11:10:06.002,189200,0.950
2026-09-11 11:10:06.569,189210,0.950
2026-09-11 11:10:12.364,189215,0.950
2026-09-11 11:10:46.787,189225,0.950
2026-09-11 11:10:47.388,189235,0.950
2026-09-11 11:10:47.950,189250,0.950
2026-09-11 11:10:48.952,189280,0.950
2026-09-11 11:11:00.834,189245,0.950
2026-09-11 11:11:01.333,189250,0.950
2026-09-11 11:11:01.848,189255,0.950
2026-09-11 11:11:07.891,189265,0.950
2026-09-11 11:11:08.380,189320,0.950
2026-09-11 11:11:09.453,189335,0.950
2026-09-11 11:11:10.070,189345,0.950
2026-09-11 11:11:11.987,189370,0.950
2026-09-11 11:11:12.538,189400,0.950
2026-09-11 11:12:00.886,189190,0.950
2026-09-11 11:13:00.811,189095,0.950
2026-09-11 11:13:04.123,189105,0.950
2026-09-11 11:13:06.429,189140,0.950
2026-09-11 11:13:35.347,189145,0.950
2026-09-11 11:13:37.228,189155,0.950
2026-09-11 11:14:01.031,189130,0.950
2026-09-11 11:14:01.588,189140,0.950
2026-09-11 11:14:02.208,189145,0.950
2026-09-11 11:14:02.809,189155,0.950
2026-09-11 11:14:25.599,189165,0.950
2026-09-11 11:14:28.335,189175,0.950
2026-09-11 11:15:00.501,189160,0.950
2026-09-11 11:15:09.890,189170,0.950
2026-09-11 11:15:10.851,189175,0.950
2026-09-11 11:15:45.425,189210,0.950
2026-09-11 11:15:46.821,189220,0.950
2026-09-11 11:15:48.272,189230,0.950
2026-09-11 11:16:01.215,189155,0.950
2026-09-11 11:17:00.694,189030,0.950
2026-09-11 11:17:01.729,189035,0.950
2026-09-11 11:17:35.006,189040,0.950
2026-09-11 11:17:36.977,189055,0.950
2026-09-11 11:17:56.781,189070,0.950
2026-09-11 11:17:57.769,189090,0.950
2026-09-11 11:17:58.334,189115,0.950
2026-09-11 11:17:59.346,189130,0.950
2026-09-11 11:18:00.884,189105,0.950
2026-09-11 11:18:28.894,189110,0.950
2026-09-11 11:18:29.884,189130,0.950
2026-09-11 11:18:30.436,189175,0.950
2026-09-11 11:18:31.375,189180,0.950
2026-09-11 11:18:48.593,189190,0.950
2026-09-11 11:18:49.116,189200,0.950
2026-09-11 11:18:49.601,189205,0.950
2026-09-11 11:19:01.192,189185,0.950
2026-09-11 11:19:02.741,189190,0.950
2026-09-11 11:19:20.036,189195,0.950
2026-09-11 11:19:20.600,189200,0.950
2026-09-11 11:19:23.432,189205,0.950
2026-09-11 11:19:31.788,189220,0.950
2026-09-11 11:19:32.296,189225,0.950
2026-09-11 11:19:32.813,189230,0.950
2026-09-11 11:19:47.801,189250,0.950
2026-09-11 11:20:00.193,189325,0.950
2026-09-11 11:20:01.152,189335,0.950
2026-09-11 11:21:00.992,189230,0.950
2026-09-11 11:21:01.492,189235,0.950
2026-09-11 11:21:10.161,189255,0.950
2026-09-11 11:21:10.675,189280,0.950
2026-09-11 11:21:12.577,189290,0.950
2026-09-11 11:21:16.765,189300,0.950
2026-09-11 11:21:17.300,189315,0.950
2026-09-11 11:21:17.843,189320,0.950
2026-09-11 11:21:19.720,189345,0.950
2026-09-11 11:21:20.232,189350,0.950
2026-09-11 11:21:29.700,189380,0.950
2026-09-11 11:22:00.924,189245,0.950
2026-09-11 11:22:01.451,189255,0.950
2026-09-11 11:22:02.494,189260,0.950
2026-09-11 11:22:04.980,189265,0.950
2026-09-11 11:22:05.544,189290,0.950
2026-09-11 11:22:06.116,189295,0.950
2026-09-11 11:23:00.784,189230,0.950
2026-09-11 11:24:00.796,189070,0.950
2026-09-11 11:24:01.338,189075,0.950
2026-09-11 11:25:00.753,188865,0.950
2026-09-11 11:26:00.952,188750,0.950
2026-09-11 11:26:01.457,188755,0.950
2026-09-11 11:26:06.616,188785,0.950
2026-09-11 11:26:07.157,188790,0.950
2026-09-11 11:26:16.904,188795,0.950
2026-09-11 11:27:00.545,188765,0.950
2026-09-11 11:27:08.791,188770,0.950
2026-09-11 11:27:09.336,188785,0.950
2026-09-11 11:27:11.312,188790,0.950
2026-09-11 11:27:12.354,188795,0.950
2026-09-11 11:27:12.912,188805,0.950
2026-09-11 11:27:17.727,188810,0.950
2026-09-11 11:28:00.821,188770,0.950
2026-09-11 11:28:01.315,188775,0.950
2026-09-11 11:28:01.823,188780,0.950
2026-09-11 11:28:03.810,188785,0.950
2026-09-11 11:28:22.356,188800,0.950
2026-09-11 11:28:23.317,188810,0.950
2026-09-11 11:28:33.316,188825,0.950
2026-09-11 11:29:00.763,188780,0.950
2026-09-11 11:29:01.332,188790,0.950
2026-09-11 11:29:02.509,188800,0.950
2026-09-11 11:29:03.093,188810,0.950
2026-09-11 11:29:06.553,188815,0.950
2026-09-11 11:29:08.426,188820,0.950
2026-09-11 11:29:09.056,188825,0.950
2026-09-11 11:29:10.995,188840,0.950
2026-09-11 11:29:19.074,188850,0.950
2026-09-11 11:29:23.185,188885,0.950
2026-09-11 11:29:30.786,188890,0.950
2026-09-11 11:29:31.730,188900,0.950
2026-09-11 11:29:51.492,188910,0.950
2026-09-11 11:30:00.823,188885,0.950
2026-09-11 11:30:03.288,188920,0.950
2026-09-11 11:30:03.899,188940,0.950
2026-09-11 11:30:16.040,188970,0.950
2026-09-11 11:30:16.552,188985,0.950
2026-09-11 11:30:17.074,188995,0.950
2026-09-11 11:30:17.608,189000,0.950
2026-09-11 11:30:20.439,189025,0.950
2026-09-11 11:31:00.907,188955,0.950
2026-09-11 11:31:05.692,188960,0.950
2026-09-11 11:31:09.108,188975,0.950
2026-09-11 11:31:09.688,188995,0.950
2026-09-11 11:31:10.251,189000,0.950
2026-09-11 11:31:17.705,189025,0.950
2026-09-11 11:32:00.821,188930,0.950
2026-09-11 11:32:02.288,188945,0.950
2026-09-11 11:32:14.226,188960,0.950
2026-09-11 11:33:00.527,188935,0.950
2026-09-11 11:33:31.838,188940,0.950
2026-09-11 11:34:00.728,188870,0.950
2026-09-11 11:34:01.837,188880,0.950
2026-09-11 11:34:03.404,188890,0.950
2026-09-11 11:34:08.645,188895,0.950
2026-09-11 11:34:36.270,188900,0.950
2026-09-11 11:35:00.479,188885,0.950
2026-09-11 11:35:05.599,188890,0.950
2026-09-11 11:35:06.133,188900,0.950
2026-09-11 11:35:06.662,188910,0.950
2026-09-11 11:35:07.664,188920,0.950
2026-09-11 11:35:08.190,188930,0.950
2026-09-11 11:35:08.718,188940,0.950
2026-09-11 11:35:19.021,188945,0.950
2026-09-11 11:35:19.527,188950,0.950
2026-09-11 11:35:20.027,188960,0.950
2026-09-11 11:36:00.808,188815,0.950
2026-09-11 11:37:01.012,188710,0.950
2026-09-11 11:37:17.747,188720,0.950
2026-09-11 11:37:19.220,188725,0.950
2026-09-11 11:38:00.915,188685,0.950
2026-09-11 11:38:01.471,188695,0.950
2026-09-11 11:38:05.227,188715,0.950
2026-09-11 11:39:00.807,188605,0.950
2026-09-11 11:39:01.419,188615,0.950
2026-09-11 11:39:04.112,188625,0.950
2026-09-11 11:39:04.686,188635,0.950
2026-09-11 11:39:18.779,188645,0.950
2026-09-11 11:39:21.601,188650,0.950
2026-09-11 11:39:22.135,188655,0.950
2026-09-11 11:39:28.633,188660,0.950
2026-09-11 11:39:29.635,188680,0.950
2026-09-11 11:39:35.071,188685,0.950
2026-09-11 11:39:39.634,188690,0.950
2026-09-11 11:39:40.577,188700,0.950
2026-09-11 11:39:41.085,188705,0.950
2026-09-11 11:39:41.588,188715,0.950
2026-09-11 11:40:03.615,188725,0.950
2026-09-11 11:40:09.181,188735,0.950
2026-09-11 11:40:20.602,188745,0.950
2026-09-11 11:40:21.151,188765,0.950
2026-09-11 11:40:40.518,188775,0.950
2026-09-11 11:40:41.539,188795,0.950
2026-09-11 11:40:42.998,188800,0.950
2026-09-11 11:41:00.773,188730,0.950
2026-09-11 11:41:01.341,188740,0.950
2026-09-11 11:41:03.284,188745,0.950
2026-09-11 11:41:09.346,188765,0.950
2026-09-11 11:41:10.395,188770,0.950
2026-09-11 11:41:18.949,188775,0.950
2026-09-11 11:41:55.529,188780,0.950
2026-09-11 11:41:56.036,188795,0.950
2026-09-11 11:41:56.570,188805,0.950
2026-09-11 11:41:57.096,188825,0.950
2026-09-11 11:41:57.607,188830,0.950
2026-09-11 11:42:00.425,188840,0.950
2026-09-11 11:42:00.945,188830,0.950
2026-09-11 11:42:04.580,188835,0.950
2026-09-11 11:42:05.607,188840,0.950
2026-09-11 11:42:24.026,188845,0.950
2026-09-11 11:43:00.668,188790,0.950
2026-09-11 11:43:01.663,188795,0.950
2026-09-11 11:43:02.194,188800,0.950
2026-09-11 11:43:04.146,188805,0.950
2026-09-11 11:43:05.110,188830,0.950
2026-09-11 11:43:05.647,188845,0.950
2026-09-11 11:43:55.119,188850,0.950
2026-09-11 11:43:55.642,188865,0.950
2026-09-11 11:43:56.593,188870,0.950
2026-09-11 11:44:00.929,188845,0.950
2026-09-11 11:44:02.586,188850,0.950
2026-09-11 11:44:03.623,188855,0.950
2026-09-11 11:44:04.204,188890,0.950
2026-09-11 11:44:04.745,188915,0.950
2026-09-11 11:44:05.685,188920,0.950
2026-09-11 11:44:06.697,188925,0.950
2026-09-11 11:44:08.158,188935,0.950
2026-09-11 11:44:09.169,188940,0.950
2026-09-11 11:45:00.639,188910,0.950
2026-09-11 11:45:01.220,188930,0.950
2026-09-11 11:45:02.217,188955,0.950
2026-09-11 11:45:02.723,188980,0.950
2026-09-11 11:45:03.837,188990,0.950
2026-09-11 11:45:07.724,188995,0.950
2026-09-11 11:45:08.424,189020,0.950
2026-09-11 11:45:59.017,189060,0.950
2026-09-11 11:45:59.532,189115,0.950
2026-09-11 11:46:00.064,189140,0.950
2026-09-11 11:46:01.045,189100,0.950
2026-09-11 11:46:03.008,189105,0.950
2026-09-11 11:46:10.722,189110,0.950
2026-09-11 11:46:19.187,189120,0.950
2026-09-11 11:46:23.711,189150,0.950
2026-09-11 11:46:30.331,189155,0.950
2026-09-11 11:46:30.931,189165,0.950
2026-09-11 11:46:31.454,189175,0.950
2026-09-11 11:46:54.397,189185,0.950
2026-09-11 11:46:54.904,189200,0.950
2026-09-11 11:46:57.307,189245,0.950
2026-09-11 11:46:57.814,189250,0.950
2026-09-11 11:46:58.789,189260,0.950
2026-09-11 11:47:01.161,189235,0.950
2026-09-11 11:47:09.504,189245,0.950
2026-09-11 11:47:10.056,189250,0.950
2026-09-11 11:47:10.650,189280,0.950
2026-09-11 11:47:20.103,189290,0.950
2026-09-11 11:47:20.632,189300,0.950
2026-09-11 11:47:21.157,189310,0.950
2026-09-11 11:47:21.677,189325,0.950
2026-09-11 11:47:22.202,189330,0.950
2026-09-11 11:48:00.972,189240,0.950
2026-09-11 11:48:01.474,189250,0.950
2026-09-11 11:48:03.402,189265,0.950
2026-09-11 11:48:05.322,189270,0.950
2026-09-11 11:48:11.905,189275,0.950
2026-09-11 11:48:20.370,189280,0.950
2026-09-11 11:48:20.883,189285,0.950
2026-09-11 11:48:22.447,189305,0.950
2026-09-11 11:48:23.013,189315,0.950
2026-09-11 11:48:41.375,189320,0.950
2026-09-11 11:48:41.922,189415,0.950
2026-09-11 11:48:42.844,189430,0.950
2026-09-11 11:48:43.817,189470,0.950
2026-09-11 11:48:44.313,189475,0.950
2026-09-11 11:48:44.819,189495,0.950
2026-09-11 11:48:45.328,189500,0.950
2026-09-11 11:49:00.882,189420,0.950
2026-09-11 11:50:00.875,189335,0.950
2026-09-11 11:50:40.399,189340,0.950
2026-09-11 11:50:41.985,189350,0.950
2026-09-11 11:50:42.542,189365,0.950
2026-09-11 11:51:00.732,189315,0.950
2026-09-11 11:51:03.632,189320,0.950
2026-09-11 11:51:05.005,189325,0.950
2026-09-11 11:51:08.337,189330,0.950
2026-09-11 11:51:10.366,189340,0.950
2026-09-11 11:51:10.910,189345,0.950
2026-09-11 11:51:13.384,189350,0.950
2026-09-11 11:51:13.923,189360,0.950
2026-09-11 11:51:14.478,189370,0.950
2026-09-11 11:52:00.796,189250,0.950
2026-09-11 11:52:01.295,189260,0.950
2026-09-11 11:52:02.291,189265,0.950
2026-09-11 11:52:02.843,189270,0.950
2026-09-11 11:52:03.354,189290,0.950
2026-09-11 11:52:03.873,189310,0.950
2026-09-11 11:52:04.412,189330,0.950
2026-09-11 11:52:10.560,189335,0.950
2026-09-11 11:52:12.106,189345,0.950
2026-09-11 11:52:33.356,189350,0.950
2026-09-11 11:52:33.852,189355,0.950
2026-09-11 11:52:38.320,189360,0.950
2026-09-11 11:52:39.799,189365,0.950
2026-09-11 11:52:46.687,189375,0.950
2026-09-11 11:52:52.582,189410,0.950
2026-09-11 11:53:00.885,189320,0.950
2026-09-11 11:53:01.422,189325,0.950
2026-09-11 11:53:03.854,189330,0.950
2026-09-11 11:53:04.863,189335,0.950
2026-09-11 11:53:09.491,189340,0.950
2026-09-11 11:53:10.111,189345,0.950
2026-09-11 11:53:16.968,189350,0.950
2026-09-11 11:54:00.709,189305,0.950
2026-09-11 11:54:01.795,189310,0.950
2026-09-11 11:54:14.606,189315,0.950
2026-09-11 11:54:15.586,189330,0.950
2026-09-11 11:54:17.528,189340,0.950
2026-09-11 11:54:34.950,189350,0.950
2026-09-11 11:54:36.914,189355,0.950
2026-09-11 11:54:38.291,189365,0.950
2026-09-11 11:55:00.909,189335,0.950
2026-09-11 11:55:02.422,189340,0.950
2026-09-11 11:55:19.804,189350,0.950
2026-09-11 11:55:20.360,189370,0.950
2026-09-11 11:56:00.872,189340,0.950
2026-09-11 11:56:01.387,189345,0.950
2026-09-11 11:56:12.529,189355,0.950
2026-09-11 11:56:30.707,189365,0.950
2026-09-11 11:56:31.201,189385,0.950
2026-09-11 11:56:32.155,189390,0.950
2026-09-11 11:56:33.087,189395,0.950
2026-09-11 11:56:36.939,189400,0.950
2026-09-11 11:57:00.802,189355,0.950
2026-09-11 11:57:01.317,189360,0.950
2026-09-11 11:57:01.809,189370,0.950
2026-09-11 11:57:55.332,189405,0.950
2026-09-11 11:57:56.351,189425,0.950
2026-09-11 11:58:00.549,189390,0.950
2026-09-11 11:58:01.491,189395,0.950
2026-09-11 11:59:00.495,189310,0.950
2026-09-11 11:59:01.013,189315,0.950
2026-09-11 11:59:01.542,189340,0.950
2026-09-11 11:59:05.090,189355,0.950
2026-09-11 11:59:15.516,189360,0.950
2026-09-11 11:59:20.594,189370,0.950
2026-09-11 11:59:21.578,189375,0.950
2026-09-11 11:59:24.496,189390,0.950
2026-09-11 11:59:25.508,189410,0.950
2026-09-11 12:00:00.807,189350,0.950
2026-09-11 12:00:25.298,189355,0.950
2026-09-11 12:00:28.576,189360,0.950
2026-09-11 12:00:29.095,189370,0.950
2026-09-11 12:00:29.616,189395,0.950
2026-09-11 12:00:30.153,189420,0.950
2026-09-11 12:00:31.145,189430,0.950
2026-09-11 12:00:58.277,189455,0.950
2026-09-11 12:01:00.623,189415,0.950
2026-09-11 12:01:05.788,189420,0.950
2026-09-11 12:01:06.808,189425,0.950
2026-09-11 12:01:07.358,189440,0.950
2026-09-11 12:01:44.062,189445,0.950
2026-09-11 12:01:45.641,189460,0.950
2026-09-11 12:01:54.332,189465,0.950
2026-09-11 12:01:54.929,189470,0.950
2026-09-11 12:01:56.963,189480,0.950
2026-09-11 12:02:01.126,189445,0.950
2026-09-11 12:02:04.082,189450,0.950
2026-09-11 12:02:29.877,189455,0.950
2026-09-11 12:02:30.832,189465,0.950
2026-09-11 12:02:31.376,189480,0.950
2026-09-11 12:02:32.337,189485,0.950
2026-09-11 12:02:33.842,189580,0.950
2026-09-11 12:02:34.366,189595,0.950
2026-09-11 12:03:01.027,189565,0.950
2026-09-11 12:03:02.444,189590,0.950
2026-09-11 12:04:01.289,189500,0.950
2026-09-11 12:05:01.159,189295,0.950
2026-09-11 12:05:18.973,189305,0.950
2026-09-11 12:05:22.656,189325,0.950
2026-09-11 12:05:41.758,189335,0.950
2026-09-11 12:05:44.993,189350,0.950
2026-09-11 12:05:46.962,189355,0.950
2026-09-11 12:05:47.996,189365,0.950
2026-09-11 12:06:01.098,189325,0.950
2026-09-11 12:06:03.968,189330,0.950
2026-09-11 12:06:04.472,189350,0.950
2026-09-11 12:06:07.233,189360,0.950
2026-09-11 12:06:07.761,189365,0.950
2026-09-11 12:06:08.315,189370,0.950
2026-09-11 12:06:14.866,189375,0.950
2026-09-11 12:06:15.917,189385,0.950
2026-09-11 12:06:25.462,189390,0.950
2026-09-11 12:06:26.008,189435,0.950
2026-09-11 12:06:26.547,189465,0.950
2026-09-11 12:07:00.878,189375,0.950
2026-09-11 12:07:01.811,189380,0.950
2026-09-11 12:07:02.762,189385,0.950
2026-09-11 12:07:04.240,189410,0.950
2026-09-11 12:07:04.815,189420,0.950
2026-09-11 12:07:05.336,189440,0.950
2026-09-11 12:07:06.717,189445,0.950
2026-09-11 12:08:00.767,189270,0.950
2026-09-11 12:08:01.271,189275,0.950
2026-09-11 12:08:01.834,189285,0.950
2026-09-11 12:09:00.956,189200,0.950
2026-09-11 12:09:01.468,189205,0.950
2026-09-11 12:09:02.576,189210,0.950
2026-09-11 12:09:03.155,189240,0.950
2026-09-11 12:09:46.572,189250,0.950
2026-09-11 12:09:56.641,189265,0.950
2026-09-11 12:10:00.476,189205,0.950
2026-09-11 12:10:01.895,189210,0.950
2026-09-11 12:10:06.063,189220,0.950
2026-09-11 12:10:06.566,189225,0.950
2026-09-11 12:10:24.389,189230,0.950
2026-09-11 12:10:28.464,189235,0.950
2026-09-11 12:10:37.391,189240,0.950
2026-09-11 12:11:00.496,189220,0.950
2026-09-11 12:11:01.010,189225,0.950
2026-09-11 12:11:01.518,189230,0.950
2026-09-11 12:12:00.625,189190,0.950
2026-09-11 12:12:01.571,189195,0.950
2026-09-11 12:12:02.082,189200,0.950
2026-09-11 12:12:02.578,189205,0.950
2026-09-11 12:12:08.450,189210,0.950
2026-09-11 12:12:12.106,189215,0.950
2026-09-11 12:12:31.590,189220,0.950
2026-09-11 12:13:00.915,189080,0.950
2026-09-11 12:13:55.085,189095,0.950
2026-09-11 12:13:56.968,189100,0.950
2026-09-11 12:13:57.485,189110,0.950
2026-09-11 12:14:00.682,189100,0.950
2026-09-11 12:14:01.214,189105,0.950
2026-09-11 12:14:01.794,189110,0.950
2026-09-11 12:14:03.036,189130,0.950
2026-09-11 12:15:00.963,189105,0.950
2026-09-11 12:15:01.928,189110,0.950
2026-09-11 12:15:04.274,189125,0.950
2026-09-11 12:15:10.765,189135,0.950
2026-09-11 12:15:11.321,189140,0.950
2026-09-11 12:15:14.752,189150,0.950
2026-09-11 12:15:15.280,189190,0.950
2026-09-11 12:15:21.294,189220,0.950
2026-09-11 12:15:21.867,189235,0.950
2026-09-11 12:15:49.967,189255,0.950
2026-09-11 12:15:57.780,189275,0.950
2026-09-11 12:15:59.235,189290,0.950
2026-09-11 12:16:00.631,189280,0.950
2026-09-11 12:16:13.694,189285,0.950
2026-09-11 12:16:14.256,189290,0.950
2026-09-11 12:16:16.667,189300,0.950
2026-09-11 12:16:17.267,189320,0.950
2026-09-11 12:16:18.801,189325,0.950
2026-09-11 12:16:21.582,189330,0.950
2026-09-11 12:17:00.759,189225,0.950
2026-09-11 12:17:01.733,189235,0.950
2026-09-11 12:17:02.238,189260,0.950
2026-09-11 12:17:52.820,189265,0.950
2026-09-11 12:17:57.029,189280,0.950
2026-09-11 12:17:57.606,189295,0.950
2026-09-11 12:18:00.495,189270,0.950
2026-09-11 12:18:01.034,189285,0.950
2026-09-11 12:18:02.508,189290,0.950
2026-09-11 12:18:04.976,189310,0.950
2026-09-11 12:19:00.900,189270,0.950
2026-09-11 12:19:02.569,189280,0.950
2026-09-11 12:19:03.167,189285,0.950
2026-09-11 12:19:06.617,189325,0.950
2026-09-11 12:19:08.062,189340,0.950
2026-09-11 12:19:17.390,189345,0.950
2026-09-11 12:19:22.449,189350,0.950
2026-09-11 12:19:23.437,189365,0.950
2026-09-11 12:19:30.079,189390,0.950
2026-09-11 12:19:43.470,189395,0.950
2026-09-11 12:19:43.975,189415,0.950
2026-09-11 12:19:51.453,189420,0.950
2026-09-11 12:20:00.998,189435,0.950
2026-09-11 12:20:06.164,189445,0.950
2026-09-11 12:20:08.060,189450,0.950
2026-09-11 12:20:28.999,189455,0.950
2026-09-11 12:20:30.017,189470,0.950
2026-09-11 12:21:01.009,189420,0.950
2026-09-11 12:21:02.986,189430,0.950
2026-09-11 12:21:03.500,189435,0.950
2026-09-11 12:21:05.351,189440,0.950
2026-09-11 12:22:00.636,189365,0.950
2026-09-11 12:22:03.469,189370,0.950
2026-09-11 12:22:07.571,189380,0.950
2026-09-11 12:22:08.615,189410,0.950
2026-09-11 12:22:13.672,189415,0.950
2026-09-11 12:22:14.677,189420,0.950
2026-09-11 12:22:15.305,189425,0.950
2026-09-11 12:22:16.287,189430,0.950
2026-09-11 12:22:16.809,189440,0.950
2026-09-11 12:23:00.762,189415,0.950
2026-09-11 12:23:02.629,189420,0.950
2026-09-11 12:23:05.844,189430,0.950
2026-09-11 12:23:10.576,189435,0.950
2026-09-11 12:23:11.111,189440,0.950
2026-09-11 12:23:12.082,189445,0.950
2026-09-11 12:24:01.298,189380,0.950
2026-09-11 12:24:23.131,189395,0.950
2026-09-11 12:24:24.569,189405,0.950
2026-09-11 12:24:25.929,189415,0.950
2026-09-11 12:24:27.362,189425,0.950
2026-09-11 12:25:00.571,189390,0.950
2026-09-11 12:25:01.089,189400,0.950
2026-09-11 12:25:15.933,189410,0.950
2026-09-11 12:25:16.441,189420,0.950
2026-09-11 12:25:56.184,189425,0.950
2026-09-11 12:26:00.762,189405,0.950
2026-09-11 12:26:01.285,189410,0.950
2026-09-11 12:26:01.832,189415,0.950
2026-09-11 12:26:04.635,189420,0.950
2026-09-11 12:26:08.259,189425,0.950
2026-09-11 12:26:08.798,189440,0.950
2026-09-11 12:26:12.087,189445,0.950
2026-09-11 12:26:12.615,189455,0.950
2026-09-11 12:26:15.003,189470,0.950
2026-09-11 12:26:15.576,189515,0.950
2026-09-11 12:26:16.606,189520,0.950
2026-09-11 12:27:00.535,189390,0.950
2026-09-11 12:27:01.514,189395,0.950
2026-09-11 12:27:02.536,189405,0.950
2026-09-11 12:27:03.103,189410,0.950
2026-09-11 12:27:03.630,189420,0.950
2026-09-11 12:27:09.213,189425,0.950
2026-09-11 12:27:11.733,189430,0.950
2026-09-11 12:27:12.261,189440,0.950
2026-09-11 12:27:12.838,189445,0.950
2026-09-11 12:27:13.340,189450,0.950
2026-09-11 12:27:13.849,189455,0.950
2026-09-11 12:27:14.409,189460,0.950
2026-09-11 12:28:00.641,189365,0.950
2026-09-11 12:28:01.615,189370,0.950
2026-09-11 12:28:10.416,189385,0.950
2026-09-11 12:28:10.950,189390,0.950
2026-09-11 12:28:11.472,189400,0.950
2026-09-11 12:28:51.704,189420,0.950
2026-09-11 12:28:52.210,189425,0.950
2026-09-11 12:29:00.844,189410,0.950
2026-09-11 12:29:11.642,189415,0.950
2026-09-11 12:29:12.569,189420,0.950
2026-09-11 12:29:13.539,189425,0.950
2026-09-11 12:30:00.815,189370,0.950
2026-09-11 12:30:01.336,189375,0.950
2026-09-11 12:30:03.692,189385,0.950
2026-09-11 12:30:04.210,189390,0.950
2026-09-11 12:30:04.696,189395,0.950
2026-09-11 12:30:08.359,189400,0.950
2026-09-11 12:30:12.437,189420,0.950
2026-09-11 12:30:15.633,189425,0.950
2026-09-11 12:30:41.722,189435,0.950
2026-09-11 12:30:42.676,189440,0.950
2026-09-11 12:30:43.180,189475,0.950
2026-09-11 12:30:48.594,189500,0.950
2026-09-11 12:31:00.559,189450,0.950
2026-09-11 12:31:03.337,189455,0.950
2026-09-11 12:32:00.818,189425,0.950
2026-09-11 12:32:01.336,189430,0.950
2026-09-11 12:32:01.834,189435,0.950
2026-09-11 12:32:13.569,189455,0.950
2026-09-11 12:32:15.039,189465,0.950
2026-09-11 12:32:21.359,189470,0.950
2026-09-11 12:32:30.713,189475,0.950
2026-09-11 12:32:31.656,189530,0.950
2026-09-11 12:33:00.979,189485,0.950
2026-09-11 12:33:05.713,189495,0.950
2026-09-11 12:33:10.324,189500,0.950
2026-09-11 12:33:10.923,189505,0.950
2026-09-11 12:34:01.195,189450,0.950
2026-09-11 12:34:14.858,189455,0.950
2026-09-11 12:34:15.457,189470,0.950
2026-09-11 12:35:00.911,189415,0.950
2026-09-11 12:35:01.967,189425,0.950
2026-09-11 12:35:03.881,189430,0.950
2026-09-11 12:35:04.388,189445,0.950
2026-09-11 12:35:05.396,189450,0.950
2026-09-11 12:36:00.726,189440,0.950
2026-09-11 12:36:01.693,189445,0.950
2026-09-11 12:36:02.214,189465,0.950
2026-09-11 12:37:00.711,189365,0.950
2026-09-11 12:37:01.235,189385,0.950
2026-09-11 12:37:16.418,189395,0.950
2026-09-11 12:37:18.414,189410,0.950
2026-09-11 12:37:31.147,189415,0.950
2026-09-11 12:37:37.076,189430,0.950
2026-09-11 12:37:38.530,189440,0.950
2026-09-11 12:38:00.725,189375,0.950
2026-09-11 12:38:06.169,189400,0.950
2026-09-11 12:38:07.096,189405,0.950
2026-09-11 12:38:08.591,189415,0.950
2026-09-11 12:38:09.125,189425,0.950
2026-09-11 12:39:00.622,189370,0.950
2026-09-11 12:39:18.179,189375,0.950
2026-09-11 12:39:22.722,189380,0.950
2026-09-11 12:39:23.213,189385,0.950
2026-09-11 12:39:28.629,189390,0.950
2026-09-11 12:39:30.538,189410,0.950
2026-09-11 12:40:00.475,189395,0.950
2026-09-11 12:40:02.468,189415,0.950
2026-09-11 12:40:39.383,189420,0.950
2026-09-11 12:40:39.903,189425,0.950
2026-09-11 12:40:40.415,189435,0.950
2026-09-11 12:40:44.268,189445,0.950
2026-09-11 12:40:44.866,189465,0.950
2026-09-11 12:40:45.972,189485,0.950
2026-09-11 12:40:46.523,189490,0.950
2026-09-11 12:40:47.558,189495,0.950
2026-09-11 12:40:52.265,189500,0.950
2026-09-11 12:40:54.760,189510,0.950
2026-09-11 12:40:55.301,189520,0.950
2026-09-11 12:41:00.890,189470,0.950
2026-09-11 12:41:01.927,189475,0.950
2026-09-11 12:41:02.855,189480,0.950
2026-09-11 12:41:05.659,189485,0.950
2026-09-11 12:41:16.742,189490,0.950
2026-09-11 12:42:00.826,189425,0.950
2026-09-11 12:42:01.311,189435,0.950
2026-09-11 12:42:01.812,189440,0.950
2026-09-11 12:42:18.670,189445,0.950
2026-09-11 12:42:19.184,189450,0.950
2026-09-11 12:43:00.797,189415,0.950
2026-09-11 12:43:01.278,189420,0.950
2026-09-11 12:43:01.775,189425,0.950
2026-09-11 12:43:04.575,189435,0.950
2026-09-11 12:43:05.082,189445,0.950
2026-09-11 12:43:36.357,189455,0.950
2026-09-11 12:43:47.718,189460,0.950
2026-09-11 12:43:49.174,189465,0.950
2026-09-11 12:43:51.108,189470,0.950
2026-09-11 12:43:52.068,189480,0.950
2026-09-11 12:44:00.677,189460,0.950
2026-09-11 12:44:02.225,189465,0.950
2026-09-11 12:44:02.842,189470,0.950
2026-09-11 12:44:06.219,189475,0.950
2026-09-11 12:44:07.627,189495,0.950
2026-09-11 12:44:08.143,189505,0.950
2026-09-11 12:45:00.736,189455,0.950
2026-09-11 12:45:01.241,189460,0.950
2026-09-11 12:45:01.726,189465,0.950
2026-09-11 12:45:36.694,189480,0.950
2026-09-11 12:46:01.317,189450,0.950
2026-09-11 12:46:15.508,189480,0.950
2026-09-11 12:46:17.389,189485,0.950
2026-09-11 12:47:00.750,189355,0.950
2026-09-11 12:47:01.779,189360,0.950
2026-09-11 12:47:02.834,189365,0.950
2026-09-11 12:48:00.799,189270,0.950
2026-09-11 12:48:01.765,189275,0.950
2026-09-11 12:48:02.276,189280,0.950
2026-09-11 12:48:07.139,189290,0.950
2026-09-11 12:48:08.132,189315,0.950
2026-09-11 12:48:11.122,189320,0.950
2026-09-11 12:48:11.655,189330,0.950
2026-09-11 12:48:13.195,189340,0.950
2026-09-11 12:48:17.618,189370,0.950
2026-09-11 12:48:18.152,189375,0.950
2026-09-11 12:48:39.501,189380,0.950
2026-09-11 12:48:41.976,189390,0.950
2026-09-11 12:48:44.220,189405,0.950
2026-09-11 12:48:51.755,189415,0.950
2026-09-11 12:49:00.646,189405,0.950
2026-09-11 12:49:25.149,189410,0.950
2026-09-11 12:49:25.677,189420,0.950
2026-09-11 12:49:28.263,189425,0.950
2026-09-11 12:49:54.736,189430,0.950
2026-09-11 12:49:55.248,189435,0.950
2026-09-11 12:49:57.627,189445,0.950
2026-09-11 12:49:58.135,189450,0.950
2026-09-11 12:49:58.646,189460,0.950
2026-09-11 12:49:59.192,189480,0.950
2026-09-11 12:49:59.718,189485,0.950
2026-09-11 12:50:00.246,189500,0.950
2026-09-11 12:50:00.771,189505,0.950
2026-09-11 12:50:01.289,189500,0.950
2026-09-11 12:50:01.863,189505,0.950
2026-09-11 12:50:03.932,189515,0.950
2026-09-11 12:50:31.789,189540,0.950
2026-09-11 12:51:00.724,189495,0.950
2026-09-11 12:51:16.894,189505,0.950
2026-09-11 12:52:00.608,189435,0.950
2026-09-11 12:53:00.736,189270,0.950
2026-09-11 12:53:01.292,189290,0.950
2026-09-11 12:53:01.802,189305,0.950
2026-09-11 12:53:03.842,189315,0.950
2026-09-11 12:53:04.356,189320,0.950
2026-09-11 12:54:00.811,189255,0.950
2026-09-11 12:54:33.560,189265,0.950
2026-09-11 12:54:34.072,189270,0.950
2026-09-11 12:54:34.576,189275,0.950
2026-09-11 12:54:35.586,189280,0.950
2026-09-11 12:55:00.625,189270,0.950
2026-09-11 12:56:00.756,189220,0.950
2026-09-11 12:56:05.821,189225,0.950
2026-09-11 12:56:06.834,189230,0.950
2026-09-11 12:56:07.384,189245,0.950
2026-09-11 12:56:08.485,189250,0.950
2026-09-11 12:56:32.726,189255,0.950
2026-09-11 12:56:33.228,189260,0.950
2026-09-11 12:56:36.605,189265,0.950
2026-09-11 12:56:37.173,189270,0.950
2026-09-11 12:57:00.891,189250,0.950
2026-09-11 12:57:01.863,189265,0.950
2026-09-11 12:57:03.314,189270,0.950
2026-09-11 12:57:06.045,189275,0.950
2026-09-11 12:57:14.401,189280,0.950
2026-09-11 12:57:14.949,189285,0.950
2026-09-11 12:57:55.438,189290,0.950
2026-09-11 12:58:00.694,189275,0.950
2026-09-11 12:58:01.201,189280,0.950
2026-09-11 12:58:08.833,189285,0.950
2026-09-11 12:58:10.764,189295,0.950
2026-09-11 12:58:24.794,189310,0.950
2026-09-11 12:58:29.953,189320,0.950
2026-09-11 12:58:31.054,189325,0.950
2026-09-11 12:59:00.718,189290,0.950
2026-09-11 12:59:01.767,189295,0.950
2026-09-11 12:59:02.347,189300,0.950
2026-09-11 12:59:03.442,189305,0.950
2026-09-11 12:59:03.997,189310,0.950
2026-09-11 12:59:16.044,189325,0.950
2026-09-11 12:59:59.057,189330,0.950
2026-09-11 13:00:00.492,189320,0.950
2026-09-11 13:00:03.217,189325,0.950
2026-09-11 13:00:06.061,189330,0.950
2026-09-11 13:00:06.593,189335,0.950
2026-09-11 13:00:07.093,189365,0.950
2026-09-11 13:00:16.024,189380,0.950
2026-09-11 13:00:16.581,189390,0.950
2026-09-11 13:00:17.628,189400,0.950
2026-09-11 13:00:18.212,189410,0.950
2026-09-11 13:01:00.817,189345,0.950
2026-09-11 13:01:03.634,189350,0.950
2026-09-11 13:01:04.594,189360,0.950
2026-09-11 13:01:23.398,189375,0.950
2026-09-11 13:02:00.792,189320,0.950
2026-09-11 13:02:02.209,189325,0.950
2026-09-11 13:02:06.737,189330,0.950
2026-09-11 13:02:11.698,189340,0.950
2026-09-11 13:02:12.627,189345,0.950
2026-09-11 13:02:16.792,189350,0.950
2026-09-11 13:02:17.350,189360,0.950
2026-09-11 13:02:27.954,189365,0.950
2026-09-11 13:02:28.526,189375,0.950
2026-09-11 13:02:34.891,189380,0.950
2026-09-11 13:03:00.531,189370,0.950
2026-09-11 13:03:02.926,189375,0.950
2026-09-11 13:03:23.654,189380,0.950
2026-09-11 13:03:24.653,189385,0.950
2026-09-11 13:03:25.203,189390,0.950
2026-09-11 13:03:25.754,189410,0.950
2026-09-11 13:03:28.128,189415,0.950
2026-09-11 13:03:29.551,189430,0.950
2026-09-11 13:03:30.044,189445,0.950
2026-09-11 13:03:30.556,189450,0.950
2026-09-11 13:03:31.073,189480,0.950
2026-09-11 13:04:00.639,189355,0.950
2026-09-11 13:04:02.176,189360,0.950
2026-09-11 13:04:03.274,189365,0.950
2026-09-11 13:04:03.812,189375,0.950
2026-09-11 13:04:04.359,189380,0.950
2026-09-11 13:04:05.395,189385,0.950
2026-09-11 13:04:05.943,189400,0.950
2026-09-11 13:04:06.485,189405,0.950
2026-09-11 13:04:06.991,189410,0.950
2026-09-11 13:04:07.999,189415,0.950
2026-09-11 13:04:09.921,189420,0.950
2026-09-11 13:04:10.867,189425,0.950
2026-09-11 13:04:18.884,189440,0.950
2026-09-11 13:04:19.394,189445,0.950
2026-09-11 13:04:21.386,189455,0.950
2026-09-11 13:04:23.343,189470,0.950
2026-09-11 13:04:23.913,189480,0.950
2026-09-11 13:04:24.440,189485,0.950
2026-09-11 13:04:25.479,189495,0.950
2026-09-11 13:04:31.413,189500,0.950
2026-09-11 13:04:36.047,189510,0.950
2026-09-11 13:04:37.518,189525,0.950
2026-09-11 13:04:38.514,189540,0.950
2026-09-11 13:04:39.060,189555,0.950
2026-09-11 13:04:39.604,189575,0.950
2026-09-11 13:04:40.149,189590,0.950
2026-09-11 13:04:48.024,189615,0.950
2026-09-11 13:05:00.958,189570,0.950
2026-09-11 13:06:00.714,189505,0.950
2026-09-11 13:06:11.128,189510,0.950
2026-09-11 13:06:12.105,189520,0.950
2026-09-11 13:07:01.343,189380,0.950
2026-09-11 13:07:01.887,189385,0.950
2026-09-11 13:07:02.430,189390,0.950
2026-09-11 13:07:02.920,189395,0.950
2026-09-11 13:07:06.101,189400,0.950
2026-09-11 13:07:24.888,189425,0.950
2026-09-11 13:07:25.850,189435,0.950
2026-09-11 13:07:29.649,189440,0.950
2026-09-11 13:08:00.484,189390,0.950
2026-09-11 13:08:01.441,189395,0.950
2026-09-11 13:08:05.257,189400,0.950
2026-09-11 13:08:14.877,189405,0.950
2026-09-11 13:08:16.328,189410,0.950
2026-09-11 13:08:41.699,189415,0.950
2026-09-11 13:09:00.569,189385,0.950
2026-09-11 13:09:01.552,189390,0.950
2026-09-11 13:09:02.134,189395,0.950
2026-09-11 13:09:02.763,189405,0.950
2026-09-11 13:09:07.339,189410,0.950
2026-09-11 13:09:39.146,189435,0.950
2026-09-11 13:09:47.150,189445,0.950
2026-09-11 13:09:47.668,189450,0.950
2026-09-11 13:09:50.198,189465,0.950
2026-09-11 13:10:00.731,189485,0.950
2026-09-11 13:10:01.292,189510,0.950
2026-09-11 13:10:03.685,189515,0.950
2026-09-11 13:10:04.694,189520,0.950
2026-09-11 13:10:05.371,189525,0.950
2026-09-11 13:10:05.957,189545,0.950
2026-09-11 13:10:06.510,189555,0.950
2026-09-11 13:10:07.072,189585,0.950
2026-09-11 13:10:09.458,189590,0.950
2026-09-11 13:10:18.168,189595,0.950
2026-09-11 13:10:18.692,189600,0.950
2026-09-11 13:10:19.213,189610,0.950
2026-09-11 13:10:20.273,189615,0.950
2026-09-11 13:10:22.211,189620,0.950
2026-09-11 13:11:00.626,189550,0.950
2026-09-11 13:11:02.090,189560,0.950
2026-09-11 13:11:02.622,189575,0.950
2026-09-11 13:11:03.185,189585,0.950
2026-09-11 13:11:04.188,189595,0.950
2026-09-11 13:11:05.233,189600,0.950
2026-09-11 13:11:07.036,189605,0.950
2026-09-11 13:12:00.591,189555,0.950
2026-09-11 13:12:01.579,189560,0.950
2026-09-11 13:12:02.089,189565,0.950
2026-09-11 13:13:00.536,189515,0.950
2026-09-11 13:13:01.032,189525,0.950
2026-09-11 13:13:11.498,189530,0.950
2026-09-11 13:13:14.028,189540,0.950
2026-09-11 13:13:15.422,189565,0.950
2026-09-11 13:13:35.972,189570,0.950
2026-09-11 13:13:41.055,189590,0.950
2026-09-11 13:14:00.867,189565,0.950
2026-09-11 13:14:01.431,189575,0.950
2026-09-11 13:14:13.961,189595,0.950
2026-09-11 13:14:22.492,189600,0.950
2026-09-11 13:14:26.229,189610,0.950
2026-09-11 13:14:27.648,189620,0.950
2026-09-11 13:15:00.571,189600,0.950
2026-09-11 13:15:01.133,189605,0.950
2026-09-11 13:15:08.558,189625,0.950
2026-09-11 13:15:09.074,189645,0.950
2026-09-11 13:15:11.550,189660,0.950
2026-09-11 13:15:12.111,189665,0.950
2026-09-11 13:16:00.618,189560,0.950
2026-09-11 13:16:01.173,189565,0.950
2026-09-11 13:16:02.639,189575,0.950
2026-09-11 13:16:06.718,189580,0.950
2026-09-11 13:16:07.642,189585,0.950
2026-09-11 13:16:31.172,189625,0.950
2026-09-11 13:17:00.627,189585,0.950
2026-09-11 13:17:01.131,189590,0.950
2026-09-11 13:17:05.279,189595,0.950
2026-09-11 13:17:07.953,189600,0.950
2026-09-11 13:17:08.494,189610,0.950
2026-09-11 13:17:08.999,189615,0.950
2026-09-11 13:17:17.571,189620,0.950
2026-09-11 13:18:00.711,189405,0.950
2026-09-11 13:18:01.245,189410,0.950
2026-09-11 13:18:01.793,189415,0.950
2026-09-11 13:18:21.264,189420,0.950
2026-09-11 13:18:21.767,189435,0.950
2026-09-11 13:18:22.285,189440,0.950
2026-09-11 13:18:28.696,189450,0.950
2026-09-11 13:19:00.808,189395,0.950
2026-09-11 13:19:56.314,189400,0.950
2026-09-11 13:19:57.721,189405,0.950
2026-09-11 13:19:59.159,189410,0.950
2026-09-11 13:19:59.673,189420,0.950
2026-09-11 13:20:01.465,189425,0.950
2026-09-11 13:21:00.960,189395,0.950
2026-09-11 13:21:01.463,189410,0.950
2026-09-11 13:21:01.949,189425,0.950
2026-09-11 13:21:02.463,189430,0.950
2026-09-11 13:21:05.677,189435,0.950
2026-09-11 13:21:06.639,189445,0.950
2026-09-11 13:22:00.840,189425,0.950
2026-09-11 13:22:38.496,189430,0.950
2026-09-11 13:22:38.993,189435,0.950
2026-09-11 13:22:39.517,189440,0.950
2026-09-11 13:22:40.023,189445,0.950
2026-09-11 13:22:40.528,189460,0.950
2026-09-11 13:22:42.792,189470,0.950
2026-09-11 13:23:00.681,189425,0.950
2026-09-11 13:23:01.183,189430,0.950
2026-09-11 13:23:02.136,189450,0.950
2026-09-11 13:23:03.116,189460,0.950
2026-09-11 13:23:12.047,189465,0.950
2026-09-11 13:23:23.385,189470,0.950
2026-09-11 13:23:23.878,189475,0.950
2026-09-11 13:23:25.750,189480,0.950
2026-09-11 13:23:35.177,189485,0.950
2026-09-11 13:23:37.918,189490,0.950
2026-09-11 13:23:53.171,189495,0.950
2026-09-11 13:24:00.923,189470,0.950
2026-09-11 13:24:05.451,189475,0.950
2026-09-11 13:24:08.589,189480,0.950
2026-09-11 13:25:01.380,189490,0.950
2026-09-11 13:25:05.883,189510,0.950
2026-09-11 13:25:06.884,189515,0.950
2026-09-11 13:25:22.878,189525,0.950
2026-09-11 13:25:28.367,189540,0.950
2026-09-11 13:25:30.865,189545,0.950
2026-09-11 13:26:00.671,189525,0.950
2026-09-11 13:26:06.115,189530,0.950
2026-09-11 13:26:08.465,189540,0.950
2026-09-11 13:26:09.007,189545,0.950
2026-09-11 13:26:09.559,189555,0.950
2026-09-11 13:26:32.389,189560,0.950
2026-09-11 13:26:33.337,189570,0.950
2026-09-11 13:27:01.080,189510,0.950
2026-09-11 13:27:02.934,189515,0.950
2026-09-11 13:27:17.017,189520,0.950
2026-09-11 13:27:17.536,189525,0.950
2026-09-11 13:27:18.956,189530,0.950
2026-09-11 13:27:33.361,189535,0.950
2026-09-11 13:27:35.451,189545,0.950
2026-09-11 13:27:35.951,189550,0.950
2026-09-11 13:27:39.936,189560,0.950
2026-09-11 13:27:41.855,189575,0.950
2026-09-11 13:27:51.581,189580,0.950
2026-09-11 13:28:00.898,189550,0.950
2026-09-11 13:28:03.200,189555,0.950
2026-09-11 13:28:27.691,189580,0.950
2026-09-11 13:28:30.429,189590,0.950
2026-09-11 13:28:42.038,189595,0.950
2026-09-11 13:28:45.360,189600,0.950
2026-09-11 13:28:45.862,189605,0.950
2026-09-11 13:28:48.240,189610,0.950
2026-09-11 13:29:00.831,189595,0.950
2026-09-11 13:29:04.611,189600,0.950
2026-09-11 13:29:05.674,189605,0.950
2026-09-11 13:29:06.753,189610,0.950
2026-09-11 13:30:00.641,189555,0.950
2026-09-11 13:30:01.194,189560,0.950
2026-09-11 13:30:07.726,189565,0.950
2026-09-11 13:30:08.270,189575,0.950
2026-09-11 13:30:08.861,189590,0.950
2026-09-11 13:30:09.390,189595,0.950
2026-09-11 13:30:09.926,189600,0.950
2026-09-11 13:30:11.439,189615,0.950
2026-09-11 13:30:17.006,189620,0.950
2026-09-11 13:30:17.980,189625,0.950
2026-09-11 13:30:19.894,189630,0.950
2026-09-11 13:30:24.058,189640,0.950
2026-09-11 13:30:27.760,189645,0.950
2026-09-11 13:30:28.284,189650,0.950
2026-09-11 13:30:31.093,189660,0.950
2026-09-11 13:30:31.593,189665,0.950
2026-09-11 13:30:32.531,189685,0.950
2026-09-11 13:30:33.026,189705,0.950
2026-09-11 13:30:34.404,189715,0.950
2026-09-11 13:30:46.225,189720,0.950
2026-09-11 13:30:48.238,189725,0.950
2026-09-11 13:30:48.742,189740,0.950
2026-09-11 13:30:49.746,189755,0.950
2026-09-11 13:30:50.286,189775,0.950
2026-09-11 13:31:00.872,189705,0.950
2026-09-11 13:31:02.344,189710,0.950
2026-09-11 13:31:03.327,189715,0.950
2026-09-11 13:31:06.509,189720,0.950
2026-09-11 13:31:08.588,189725,0.950
2026-09-11 13:31:10.033,189730,0.950
2026-09-11 13:32:01.236,189750,0.950
2026-09-11 13:32:01.781,189770,0.950
2026-09-11 13:32:05.549,189775,0.950
2026-09-11 13:32:10.485,189780,0.950
2026-09-11 13:32:14.199,189785,0.950
2026-09-11 13:33:01.137,189770,0.950
2026-09-11 13:33:02.633,189775,0.950
2026-09-11 13:33:03.207,189780,0.950
2026-09-11 13:33:03.757,189785,0.950
2026-09-11 13:33:04.775,189800,0.950
2026-09-11 13:33:06.197,189815,0.950
2026-09-11 13:33:19.746,189820,0.950
2026-09-11 13:33:20.255,189835,0.950
2026-09-11 13:33:20.809,189875,0.950
2026-09-11 13:34:00.819,189840,0.950
2026-09-11 13:34:01.385,189850,0.950
2026-09-11 13:34:10.089,189855,0.950
2026-09-11 13:35:01.237,189760,0.950
2026-09-11 13:35:02.196,189765,0.950
2026-09-11 13:35:02.717,189770,0.950
2026-09-11 13:35:31.052,189785,0.950
2026-09-11 13:35:46.765,189790,0.950
2026-09-11 13:35:48.217,189795,0.950
2026-09-11 13:36:01.042,189745,0.950
2026-09-11 13:36:02.537,189755,0.950
2026-09-11 13:37:00.635,189510,0.950
2026-09-11 13:37:02.096,189515,0.950
2026-09-11 13:37:51.358,189520,0.950
2026-09-11 13:38:00.942,189525,0.950
2026-09-11 13:38:01.458,189530,0.950
2026-09-11 13:39:00.747,189430,0.950
2026-09-11 13:40:00.924,189350,0.950
2026-09-11 13:40:01.441,189355,0.950
2026-09-11 13:40:23.270,189360,0.950
2026-09-11 13:40:24.269,189365,0.950
2026-09-11 13:40:33.250,189370,0.950
2026-09-11 13:40:33.832,189395,0.950
2026-09-11 13:40:35.332,189405,0.950
2026-09-11 13:40:36.918,189410,0.950
2026-09-11 13:40:38.391,189415,0.950
2026-09-11 13:40:42.915,189425,0.950
2026-09-11 13:41:00.902,189410,0.950
2026-09-11 13:41:03.323,189415,0.950
2026-09-11 13:41:03.945,189420,0.950
2026-09-11 13:42:00.816,189335,0.950
2026-09-11 13:42:01.307,189340,0.950
2026-09-11 13:42:01.809,189345,0.950
2026-09-11 13:42:03.225,189355,0.950
2026-09-11 13:42:28.814,189360,0.950
2026-09-11 13:42:29.771,189365,0.950
2026-09-11 13:43:00.972,189340,0.950
2026-09-11 13:43:02.993,189345,0.950
2026-09-11 13:43:08.187,189350,0.950
2026-09-11 13:43:10.590,189355,0.950
2026-09-11 13:43:11.567,189360,0.950
2026-09-11 13:43:12.574,189365,0.950
2026-09-11 13:43:14.534,189370,0.950
2026-09-11 13:43:18.672,189375,0.950
2026-09-11 13:44:00.499,189355,0.950
2026-09-11 13:44:01.016,189360,0.950
2026-09-11 13:44:01.566,189375,0.950
2026-09-11 13:44:02.582,189380,0.950
2026-09-11 13:44:03.717,189385,0.950
2026-09-11 13:44:06.262,189390,0.950
2026-09-11 13:44:07.710,189395,0.950
2026-09-11 13:44:09.582,189400,0.950
2026-09-11 13:45:00.572,189370,0.950
2026-09-11 13:45:16.951,189375,0.950
2026-09-11 13:45:17.913,189385,0.950
2026-09-11 13:45:30.104,189390,0.950
2026-09-11 13:45:31.529,189395,0.950
2026-09-11 13:45:32.030,189400,0.950
2026-09-11 13:46:00.724,189385,0.950
2026-09-11 13:47:00.764,189305,0.950
2026-09-11 13:47:01.279,189310,0.950
2026-09-11 13:47:01.824,189315,0.950
2026-09-11 13:47:27.575,189330,0.950
2026-09-11 13:48:00.612,189325,0.950
2026-09-11 13:48:01.552,189330,0.950
2026-09-11 13:48:25.902,189335,0.950
2026-09-11 13:48:26.880,189340,0.950
2026-09-11 13:48:29.197,189345,0.950
2026-09-11 13:49:00.574,189340,0.950
2026-09-11 13:49:02.640,189345,0.950
2026-09-11 13:49:05.185,189350,0.950
2026-09-11 13:49:09.726,189360,0.950
2026-09-11 13:49:11.749,189390,0.950
2026-09-11 13:49:22.474,189395,0.950
2026-09-11 13:49:32.914,189400,0.950
2026-09-11 13:49:44.381,189405,0.950
2026-09-11 13:50:00.747,189370,0.950
2026-09-11 13:50:15.694,189385,0.950
2026-09-11 13:50:17.626,189390,0.950
2026-09-11 13:50:18.177,189405,0.950
2026-09-11 13:50:25.835,189410,0.950
2026-09-11 13:51:00.637,189395,0.950
2026-09-11 13:52:00.937,189300,0.950
2026-09-11 13:52:08.727,189310,0.950
2026-09-11 13:52:09.245,189320,0.950
2026-09-11 13:52:09.798,189325,0.950
2026-09-11 13:52:10.330,189330,0.950
2026-09-11 13:52:15.480,189350,0.950
2026-09-11 13:52:16.001,189355,0.950
2026-09-11 13:52:58.863,189360,0.950
2026-09-11 13:53:00.764,189355,0.950
2026-09-11 13:54:00.779,189300,0.950
2026-09-11 13:54:09.242,189305,0.950
2026-09-11 13:54:25.607,189315,0.950
2026-09-11 13:54:26.578,189325,0.950
2026-09-11 13:55:00.457,189280,0.950
2026-09-11 13:55:39.033,189285,0.950
2026-09-11 13:56:00.865,189265,0.950
2026-09-11 13:56:02.833,189270,0.950
2026-09-11 13:56:16.069,189275,0.950
2026-09-11 13:56:18.356,189280,0.950
2026-09-11 13:56:18.947,189295,0.950
2026-09-11 13:56:19.980,189305,0.950
2026-09-11 13:57:00.751,189285,0.950
2026-09-11 13:57:17.478,189290,0.950
2026-09-11 13:57:26.311,189300,0.950
2026-09-11 13:57:40.668,189310,0.950
2026-09-11 13:57:41.637,189315,0.950
2026-09-11 13:57:48.206,189330,0.950
2026-09-11 13:57:48.713,189340,0.950
2026-09-11 13:57:55.126,189345,0.950
2026-09-11 13:57:59.241,189350,0.950
2026-09-11 13:58:03.579,189370,0.950
2026-09-11 13:58:13.187,189375,0.950
2026-09-11 13:58:15.580,189385,0.950
2026-09-11 13:58:16.131,189395,0.950
2026-09-11 13:58:17.076,189415,0.950
2026-09-11 13:59:00.611,189400,0.950
2026-09-11 13:59:02.101,189405,0.950
2026-09-11 13:59:02.682,189410,0.950
2026-09-11 13:59:03.345,189420,0.950
2026-09-11 14:00:00.824,189360,0.950
2026-09-11 14:00:09.785,189365,0.950
2026-09-11 14:00:10.279,189370,0.950
2026-09-11 14:00:14.573,189380,0.950
2026-09-11 14:01:00.780,189320,0.950
2026-09-11 14:01:02.212,189325,0.950
2026-09-11 14:01:02.752,189330,0.950
2026-09-11 14:01:05.887,189335,0.950
2026-09-11 14:02:00.881,189315,0.950
2026-09-11 14:02:02.789,189320,0.950
2026-09-11 14:02:03.746,189325,0.950
2026-09-11 14:02:04.244,189330,0.950
2026-09-11 14:02:04.740,189335,0.950
2026-09-11 14:02:06.123,189350,0.950
2026-09-11 14:02:06.641,189360,0.950
2026-09-11 14:02:32.394,189375,0.950
2026-09-11 14:02:33.858,189380,0.950
2026-09-11 14:02:46.942,189390,0.950
2026-09-11 14:03:00.597,189365,0.950
2026-09-11 14:03:01.090,189370,0.950
2026-09-11 14:03:01.591,189375,0.950
2026-09-11 14:03:04.732,189380,0.950
2026-09-11 14:03:16.192,189385,0.950
2026-09-11 14:03:17.617,189390,0.950
2026-09-11 14:03:43.852,189395,0.950
2026-09-11 14:03:44.830,189400,0.950
2026-09-11 14:03:45.812,189410,0.950
2026-09-11 14:04:00.609,189380,0.950
2026-09-11 14:04:03.048,189385,0.950
2026-09-11 14:04:04.124,189390,0.950
2026-09-11 14:04:11.099,189395,0.950
2026-09-11 14:05:00.818,189355,0.950
2026-09-11 14:05:16.492,189360,0.950
2026-09-11 14:05:47.877,189365,0.950
2026-09-11 14:05:52.015,189370,0.950
2026-09-11 14:05:52.991,189375,0.950
2026-09-11 14:05:53.492,189380,0.950
2026-09-11 14:06:00.720,189370,0.950
2026-09-11 14:06:01.663,189375,0.950
2026-09-11 14:06:04.219,189380,0.950
2026-09-11 14:07:00.652,189355,0.950
2026-09-11 14:07:03.515,189360,0.950
2026-09-11 14:07:10.725,189365,0.950
2026-09-11 14:07:11.242,189380,0.950
2026-09-11 14:07:11.735,189415,0.950
2026-09-11 14:07:12.275,189425,0.950
2026-09-11 14:07:13.238,189435,0.950
2026-09-11 14:08:00.739,189340,0.950
2026-09-11 14:08:01.713,189345,0.950
2026-09-11 14:09:00.654,189325,0.950
2026-09-11 14:09:20.620,189340,0.950
2026-09-11 14:09:22.988,189345,0.950
2026-09-11 14:09:23.485,189350,0.950
2026-09-11 14:09:58.425,189355,0.950
2026-09-11 14:09:58.930,189360,0.950
2026-09-11 14:10:00.886,189350,0.950
2026-09-11 14:11:00.634,189320,0.950
2026-09-11 14:11:10.265,189325,0.950
2026-09-11 14:12:00.774,189305,0.950
2026-09-11 14:12:19.118,189310,0.950
2026-09-11 14:12:20.073,189315,0.950
2026-09-11 14:12:21.033,189320,0.950
2026-09-11 14:12:21.528,189325,0.950
2026-09-11 14:12:22.984,189330,0.950
2026-09-11 14:12:23.537,189345,0.950
2026-09-11 14:12:24.084,189350,0.950
2026-09-11 14:13:00.903,189335,0.950
2026-09-11 14:13:04.643,189340,0.950
2026-09-11 14:13:06.907,189350,0.950
2026-09-11 14:13:08.387,189355,0.950
2026-09-11 14:13:10.306,189360,0.950
2026-09-11 14:13:12.130,189370,0.950
2026-09-11 14:13:12.638,189375,0.950
2026-09-11 14:13:15.064,189380,0.950
2026-09-11 14:13:16.212,189385,0.950
2026-09-11 14:14:00.944,189365,0.950
2026-09-11 14:14:06.400,189390,0.950
2026-09-11 14:14:29.097,189395,0.950
2026-09-11 14:14:32.345,189400,0.950
2026-09-11 14:15:00.662,189375,0.950
2026-09-11 14:15:02.171,189380,0.950
2026-09-11 14:15:17.723,189385,0.950
2026-09-11 14:15:18.297,189400,0.950
2026-09-11 14:16:00.830,189255,0.950
2026-09-11 14:16:01.787,189260,0.950
2026-09-11 14:17:00.827,189255,0.950
2026-09-11 14:17:01.779,189260,0.950
2026-09-11 14:18:00.803,189235,0.950
2026-09-11 14:19:00.512,189225,0.950
2026-09-11 14:19:16.928,189245,0.950
2026-09-11 14:19:17.435,189250,0.950
2026-09-11 14:19:23.048,189270,0.950
2026-09-11 14:19:27.645,189285,0.950
2026-09-11 14:20:00.838,189270,0.950
2026-09-11 14:20:08.470,189275,0.950
2026-09-11 14:20:23.010,189280,0.950
2026-09-11 14:20:44.515,189285,0.950
2026-09-11 14:20:46.159,189290,0.950
2026-09-11 14:20:47.145,189315,0.950
2026-09-11 14:20:47.693,189320,0.950
2026-09-11 14:20:48.235,189330,0.950
2026-09-11 14:20:49.245,189335,0.950
2026-09-11 14:21:00.824,189300,0.950
2026-09-11 14:21:01.364,189315,0.950
2026-09-11 14:21:01.932,189325,0.950
2026-09-11 14:21:02.899,189330,0.950
2026-09-11 14:21:05.251,189340,0.950
2026-09-11 14:21:12.941,189345,0.950
2026-09-11 14:21:14.326,189350,0.950
2026-09-11 14:22:00.781,189290,0.950
2026-09-11 14:22:12.704,189300,0.950
2026-09-11 14:22:13.210,189305,0.950
2026-09-11 14:22:16.452,189315,0.950
2026-09-11 14:22:16.952,189320,0.950
2026-09-11 14:22:53.327,189325,0.950
2026-09-11 14:22:54.347,189330,0.950
2026-09-11 14:23:00.570,189310,0.950
2026-09-11 14:23:01.068,189315,0.950
2026-09-11 14:23:02.925,189320,0.950
2026-09-11 14:23:34.320,189325,0.950
2026-09-11 14:23:35.784,189330,0.950
2026-09-11 14:23:36.325,189335,0.950
2026-09-11 14:23:37.316,189340,0.950
2026-09-11 14:23:41.942,189350,0.950
2026-09-11 14:23:42.452,189370,0.950
2026-09-11 14:23:54.219,189380,0.950
2026-09-11 14:24:00.772,189355,0.950
2026-09-11 14:24:02.728,189365,0.950
2026-09-11 14:24:17.516,189370,0.950
2026-09-11 14:25:00.739,189320,0.950
2026-09-11 14:25:03.514,189325,0.950
2026-09-11 14:26:00.685,189290,0.950
2026-09-11 14:26:07.905,189295,0.950
2026-09-11 14:26:08.419,189300,0.950
2026-09-11 14:26:09.379,189305,0.950
2026-09-11 14:26:09.874,189310,0.950
2026-09-11 14:26:14.960,189315,0.950
2026-09-11 14:26:15.490,189330,0.950
2026-09-11 14:26:54.056,189335,0.950
2026-09-11 14:27:00.819,189320,0.950
2026-09-11 14:27:01.302,189325,0.950
2026-09-11 14:27:12.790,189345,0.950
2026-09-11 14:27:15.145,189350,0.950
2026-09-11 14:28:00.617,189325,0.950
2026-09-11 14:28:48.624,189330,0.950
2026-09-11 14:28:50.997,189345,0.950
2026-09-11 14:28:59.947,189350,0.950
2026-09-11 14:29:01.992,189355,0.950
2026-09-11 14:29:04.546,189360,0.950
2026-09-11 14:30:00.721,189275,0.950
2026-09-11 14:30:01.260,189280,0.950
2026-09-11 14:31:00.537,189205,0.950
2026-09-11 14:31:02.058,189210,0.950
2026-09-11 14:32:01.138,189025,0.950
2026-09-11 14:32:39.743,189030,0.950
2026-09-11 14:32:42.073,189040,0.950
2026-09-11 14:33:01.099,188960,0.950
2026-09-11 14:33:07.604,188965,0.950
2026-09-11 14:34:00.855,188870,0.950
2026-09-11 14:34:01.859,188875,0.950
2026-09-11 14:34:03.529,188890,0.950
2026-09-11 14:34:04.141,188895,0.950
2026-09-11 14:34:06.681,188900,0.950
2026-09-11 14:34:12.147,188915,0.950
2026-09-11 14:34:12.675,188920,0.950
2026-09-11 14:34:14.083,188925,0.950
2026-09-11 14:34:18.341,188930,0.950
2026-09-11 14:34:37.711,188935,0.950
2026-09-11 14:35:00.662,188905,0.950
2026-09-11 14:35:01.660,188930,0.950
2026-09-11 14:36:00.592,188855,0.950
2026-09-11 14:37:00.939,188700,0.950
2026-09-11 14:37:05.283,188725,0.950
2026-09-11 14:37:05.864,188730,0.950
2026-09-11 14:37:14.292,188735,0.950
2026-09-11 14:37:32.156,188740,0.950
2026-09-11 14:37:34.646,188755,0.950
2026-09-11 14:38:00.625,188720,0.950
2026-09-11 14:38:01.183,188725,0.950
2026-09-11 14:38:03.599,188730,0.950
2026-09-11 14:38:04.115,188740,0.950
2026-09-11 14:38:06.843,188745,0.950
2026-09-11 14:38:07.351,188750,0.950
2026-09-11 14:38:11.547,188755,0.950
2026-09-11 14:38:12.191,188760,0.950
2026-09-11 14:38:48.750,188770,0.950
2026-09-11 14:39:01.195,188755,0.950
2026-09-11 14:39:06.588,188760,0.950
2026-09-11 14:39:08.525,188780,0.950
2026-09-11 14:39:09.057,188785,0.950
2026-09-11 14:39:09.603,188795,0.950
2026-09-11 14:39:10.117,188800,0.950
2026-09-11 14:39:10.708,188820,0.950
2026-09-11 14:39:11.251,188830,0.950
2026-09-11 14:39:11.789,188840,0.950
2026-09-11 14:39:12.331,188845,0.950
2026-09-11 14:39:14.693,188855,0.950
2026-09-11 14:39:15.702,188890,0.950
2026-09-11 14:39:22.423,188900,0.950
2026-09-11 14:39:23.008,188910,0.950
2026-09-11 14:39:23.533,188915,0.950
2026-09-11 14:39:24.516,188925,0.950
2026-09-11 14:40:00.822,188900,0.950
2026-09-11 14:40:01.324,188905,0.950
2026-09-11 14:40:07.600,188915,0.950
2026-09-11 14:40:08.159,188930,0.950
2026-09-11 14:41:00.700,188780,0.950
2026-09-11 14:42:00.594,188570,0.950
2026-09-11 14:42:01.081,188575,0.950
2026-09-11 14:42:06.614,188600,0.950
2026-09-11 14:42:07.532,188610,0.950
2026-09-11 14:42:08.060,188615,0.950
2026-09-11 14:42:33.283,188620,0.950
2026-09-11 14:42:41.806,188625,0.950
2026-09-11 14:42:45.409,188630,0.950
2026-09-11 14:42:46.471,188645,0.950
2026-09-11 14:43:00.802,188605,0.950
2026-09-11 14:43:16.643,188610,0.950
2026-09-11 14:43:17.674,188620,0.950
2026-09-11 14:43:18.221,188625,0.950
2026-09-11 14:44:00.793,188615,0.950
2026-09-11 14:44:03.311,188620,0.950
2026-09-11 14:44:04.347,188630,0.950
2026-09-11 14:44:04.913,188645,0.950
2026-09-11 14:44:15.940,188655,0.950
2026-09-11 14:44:16.456,188660,0.950
2026-09-11 14:44:16.977,188670,0.950
2026-09-11 14:44:18.968,188680,0.950
2026-09-11 14:44:22.679,188690,0.950
2026-09-11 14:44:25.579,188695,0.950
2026-09-11 14:44:52.297,188700,0.950
2026-09-11 14:45:00.342,188695,0.950
2026-09-11 14:45:52.376,188700,0.950
2026-09-11 14:46:01.019,188660,0.950
2026-09-11 14:46:23.705,188665,0.950
2026-09-11 14:46:24.203,188680,0.950
2026-09-11 14:47:00.535,188550,0.950
2026-09-11 14:47:01.054,188555,0.950
2026-09-11 14:47:03.423,188560,0.950
2026-09-11 14:47:14.875,188565,0.950
2026-09-11 14:48:01.071,188445,0.950
2026-09-11 14:48:03.850,188450,0.950
2026-09-11 14:48:04.420,188460,0.950
2026-09-11 14:49:00.766,188380,0.950
2026-09-11 14:49:08.514,188385,0.950
2026-09-11 14:49:09.067,188390,0.950
2026-09-11 14:49:11.422,188400,0.950
2026-09-11 14:49:12.483,188405,0.950
2026-09-11 14:49:44.738,188410,0.950
2026-09-11 14:50:00.458,188390,0.950
2026-09-11 14:50:01.923,188410,0.950
2026-09-11 14:50:17.235,188420,0.950
2026-09-11 14:50:20.169,188430,0.950
2026-09-11 14:50:22.109,188450,0.950
2026-09-11 14:50:22.662,188475,0.950
2026-09-11 14:50:23.198,188485,0.950
2026-09-11 14:50:56.316,188490,0.950
2026-09-11 14:50:57.276,188495,0.950
2026-09-11 14:50:57.805,188500,0.950
2026-09-11 14:50:58.299,188515,0.950
2026-09-11 14:51:01.115,188520,0.950
2026-09-11 14:51:06.945,188570,0.950
2026-09-11 14:51:07.473,188575,0.950
2026-09-11 14:51:08.427,188595,0.950
2026-09-11 14:51:10.273,188605,0.950
2026-09-11 14:51:23.057,188610,0.950
2026-09-11 14:51:23.678,188615,0.950
2026-09-11 14:51:24.732,188620,0.950
2026-09-11 14:51:25.314,188625,0.950
2026-09-11 14:51:26.319,188635,0.950
2026-09-11 14:51:42.180,188640,0.950
2026-09-11 14:51:42.680,188650,0.950
2026-09-11 14:51:43.177,188660,0.950
2026-09-11 14:51:45.114,188665,0.950
2026-09-11 14:51:45.609,188675,0.950
2026-09-11 14:52:00.687,188645,0.950
2026-09-11 14:52:04.372,188650,0.950
2026-09-11 14:52:06.207,188665,0.950
2026-09-11 14:52:08.548,188690,0.950
2026-09-11 14:52:49.858,188695,0.950
2026-09-11 14:52:54.413,188700,0.950
2026-09-11 14:52:58.139,188705,0.950
2026-09-11 14:52:58.692,188715,0.950
2026-09-11 14:52:59.255,188725,0.950
2026-09-11 14:52:59.782,188735,0.950
2026-09-11 14:53:00.366,188775,0.950
2026-09-11 14:53:01.006,188770,0.950
2026-09-11 14:53:03.554,188775,0.950
2026-09-11 14:54:00.492,188705,0.950
2026-09-11 14:54:02.477,188715,0.950
2026-09-11 14:54:03.774,188720,0.950
2026-09-11 14:55:00.669,188665,0.950
2026-09-11 14:55:02.649,188685,0.950
2026-09-11 14:55:10.299,188690,0.950
2026-09-11 14:55:13.069,188695,0.950
2026-09-11 14:55:33.140,188700,0.950
2026-09-11 14:56:01.185,188660,0.950
2026-09-11 14:57:00.814,188530,0.950
2026-09-11 14:57:04.523,188545,0.950
2026-09-11 14:57:11.966,188550,0.950
2026-09-11 14:57:17.005,188560,0.950
2026-09-11 14:57:20.222,188565,0.950
2026-09-11 14:57:20.764,188570,0.950
2026-09-11 14:57:21.288,188585,0.950
2026-09-11 14:57:22.307,188600,0.950
2026-09-11 14:57:55.613,188645,0.950
2026-09-11 14:57:56.124,188650,0.950
2026-09-11 14:58:00.704,188600,0.950
2026-09-11 14:58:01.197,188625,0.950
2026-09-11 14:58:37.787,188630,0.950
2026-09-11 14:58:44.101,188635,0.950
2026-09-11 14:59:01.051,188555,0.950
2026-09-11 14:59:02.252,188560,0.950
2026-09-11 14:59:02.838,188565,0.950
2026-09-11 14:59:36.132,188570,0.950
2026-09-11 14:59:37.552,188575,0.950
2026-09-11 14:59:38.067,188590,0.950
2026-09-11 15:00:00.734,188565,0.950
2026-09-11 15:00:01.230,188570,0.950
2026-09-11 15:01:00.487,188495,0.950
2026-09-11 15:01:01.028,188500,0.950
2026-09-11 15:01:12.595,188505,0.950
2026-09-11 15:01:16.206,188510,0.950
2026-09-11 15:01:16.727,188515,0.950
2026-09-11 15:01:25.772,188520,0.950
2026-09-11 15:01:26.289,188525,0.950
2026-09-11 15:01:26.898,188530,0.950
2026-09-11 15:01:27.417,188535,0.950
2026-09-11 15:01:27.957,188550,0.950
2026-09-11 15:01:30.955,188560,0.950
2026-09-11 15:02:00.840,188540,0.950
2026-09-11 15:02:04.153,188545,0.950
2026-09-11 15:02:05.086,188550,0.950
2026-09-11 15:02:14.225,188560,0.950
2026-09-11 15:02:14.787,188565,0.950
2026-09-11 15:02:18.048,188585,0.950
2026-09-11 15:02:18.633,188590,0.950
2026-09-11 15:02:19.193,188610,0.950
2026-09-11 15:03:00.728,188565,0.950
2026-09-11 15:03:06.226,188570,0.950
2026-09-11 15:03:07.695,188575,0.950
2026-09-11 15:03:08.224,188580,0.950
2026-09-11 15:03:10.978,188585,0.950
2026-09-11 15:03:11.512,188590,0.950
2026-09-11 15:03:12.032,188625,0.950
2026-09-11 15:03:13.072,188635,0.950
2026-09-11 15:03:17.666,188645,0.950
2026-09-11 15:03:19.175,188665,0.950
2026-09-11 15:03:24.356,188675,0.950
2026-09-11 15:03:24.915,188695,0.950
2026-09-11 15:03:26.452,188700,0.950
2026-09-11 15:03:27.007,188710,0.950
2026-09-11 15:04:00.644,188680,0.950
2026-09-11 15:04:01.164,188690,0.950
2026-09-11 15:04:06.115,188695,0.950
2026-09-11 15:04:06.628,188710,0.950
2026-09-11 15:04:07.260,188715,0.950
2026-09-11 15:04:12.269,188720,0.950
2026-09-11 15:04:12.760,188725,0.950
2026-09-11 15:04:14.693,188730,0.950
2026-09-11 15:04:15.792,188735,0.950
2026-09-11 15:04:17.168,188740,0.950
2026-09-11 15:04:18.164,188745,0.950
2026-09-11 15:04:22.758,188760,0.950
2026-09-11 15:04:23.266,188810,0.950
2026-09-11 15:04:23.786,188815,0.950
2026-09-11 15:04:37.416,188820,0.950
2026-09-11 15:05:00.824,188770,0.950
2026-09-11 15:05:03.590,188780,0.950
2026-09-11 15:06:00.829,188725,0.950
2026-09-11 15:06:08.064,188730,0.950
2026-09-11 15:06:25.631,188735,0.950
2026-09-11 15:06:26.154,188740,0.950
2026-09-11 15:06:27.166,188760,0.950
2026-09-11 15:06:28.637,188765,0.950
2026-09-11 15:07:00.756,188740,0.950
2026-09-11 15:07:02.717,188750,0.950
2026-09-11 15:07:03.220,188760,0.950
2026-09-11 15:07:18.774,188765,0.950
2026-09-11 15:07:22.036,188770,0.950
2026-09-11 15:07:23.014,188780,0.950
2026-09-11 15:08:00.625,188755,0.950
2026-09-11 15:08:03.384,188765,0.950
2026-09-11 15:08:03.891,188770,0.950
2026-09-11 15:08:04.394,188775,0.950
2026-09-11 15:08:10.404,188780,0.950
2026-09-11 15:08:11.874,188795,0.950
2026-09-11 15:08:12.380,188800,0.950
2026-09-11 15:09:00.413,188720,0.950
2026-09-11 15:09:02.455,188725,0.950
2026-09-11 15:09:03.030,188730,0.950
2026-09-11 15:09:04.103,188750,0.950
2026-09-11 15:10:00.755,188665,0.950
2026-09-11 15:10:09.388,188675,0.950
2026-09-11 15:10:52.839,188680,0.950
2026-09-11 15:11:00.811,188670,0.950
2026-09-11 15:11:01.807,188675,0.950
2026-09-11 15:11:02.841,188680,0.950
2026-09-11 15:11:06.588,188685,0.950
2026-09-11 15:12:00.552,188665,0.950
2026-09-11 15:12:51.189,188670,0.950
2026-09-11 15:12:56.586,188675,0.950
2026-09-11 15:13:01.146,188660,0.950
2026-09-11 15:13:01.637,188665,0.950
2026-09-11 15:13:17.080,188675,0.950
2026-09-11 15:13:17.577,188695,0.950
2026-09-11 15:14:00.810,188685,0.950
2026-09-11 15:14:11.031,188710,0.950
2026-09-11 15:14:11.615,188725,0.950
2026-09-11 15:15:00.820,188640,0.950
2026-09-11 15:15:20.416,188645,0.950
2026-09-11 15:15:26.934,188650,0.950
2026-09-11 15:15:50.782,188665,0.950
2026-09-11 15:16:00.653,188645,0.950
2026-09-11 15:17:00.595,188590,0.950
2026-09-11 15:17:01.101,188605,0.950
2026-09-11 15:17:01.597,188615,0.950
2026-09-11 15:17:05.655,188630,0.950
2026-09-11 15:17:06.185,188640,0.950
2026-09-11 15:17:06.731,188650,0.950
2026-09-11 15:18:00.615,188635,0.950
2026-09-11 15:18:03.456,188640,0.950
2026-09-11 15:18:17.435,188645,0.950
2026-09-11 15:18:32.442,188650,0.950
2026-09-11 15:18:36.829,188660,0.950
2026-09-11 15:18:43.451,188670,0.950
2026-09-11 15:19:00.859,188660,0.950
2026-09-11 15:19:01.956,188665,0.950
2026-09-11 15:19:04.021,188670,0.950
2026-09-11 15:19:11.061,188675,0.950
2026-09-11 15:19:11.562,188680,0.950
2026-09-11 15:19:12.999,188690,0.950
2026-09-11 15:19:13.516,188695,0.950
2026-09-11 15:20:00.863,188680,0.950
2026-09-11 15:20:03.243,188685,0.950
2026-09-11 15:20:05.945,188690,0.950
2026-09-11 15:21:01.203,188565,0.950
2026-09-11 15:21:05.798,188570,0.950
2026-09-11 15:21:07.185,188580,0.950
2026-09-11 15:21:07.805,188585,0.950
2026-09-11 15:21:08.364,188595,0.950
2026-09-11 15:22:00.803,188420,0.950
2026-09-11 15:22:01.773,188430,0.950
2026-09-11 15:22:02.297,188435,0.950
2026-09-11 15:22:02.844,188445,0.950
2026-09-11 15:22:03.417,188450,0.950
2026-09-11 15:22:15.716,188455,0.950
2026-09-11 15:22:16.260,188460,0.950
2026-09-11 15:22:20.963,188465,0.950
2026-09-11 15:22:41.384,188470,0.950
2026-09-11 15:23:00.421,188455,0.950
2026-09-11 15:23:08.601,188470,0.950
2026-09-11 15:23:09.143,188475,0.950
2026-09-11 15:23:11.080,188480,0.950
2026-09-11 15:23:12.425,188490,0.950
2026-09-11 15:24:00.938,188445,0.950
2026-09-11 15:24:02.592,188450,0.950
2026-09-11 15:24:03.152,188455,0.950
2026-09-11 15:24:05.664,188485,0.950
2026-09-11 15:25:00.790,188460,0.950
2026-09-11 15:25:01.294,188465,0.950
2026-09-11 15:25:03.254,188470,0.950
2026-09-11 15:25:03.733,188475,0.950
2026-09-11 15:25:04.348,188480,0.950
2026-09-11 15:25:04.898,188490,0.950
2026-09-11 15:25:06.382,188500,0.950
2026-09-11 15:25:11.835,188540,0.950
2026-09-11 15:25:34.984,188550,0.950
2026-09-11 15:25:38.185,188555,0.950
2026-09-11 15:26:00.693,188505,0.950
2026-09-11 15:26:01.187,188510,0.950
2026-09-11 15:26:02.638,188515,0.950
2026-09-11 15:26:03.620,188520,0.950
2026-09-11 15:26:05.043,188525,0.950
2026-09-11 15:26:16.572,188530,0.950
2026-09-11 15:26:17.075,188535,0.950
2026-09-11 15:26:17.569,188545,0.950
2026-09-11 15:26:20.308,188550,0.950
2026-09-11 15:26:20.821,188555,0.950
2026-09-11 15:26:27.548,188560,0.950
2026-09-11 15:27:00.959,188490,0.950
2026-09-11 15:27:03.326,188495,0.950
2026-09-11 15:27:06.944,188500,0.950
2026-09-11 15:27:08.376,188505,0.950
2026-09-11 15:27:11.891,188510,0.950
2026-09-11 15:28:00.603,188450,0.950
2026-09-11 15:28:01.581,188455,0.950
2026-09-11 15:28:03.034,188470,0.950
2026-09-11 15:28:03.611,188480,0.950
2026-09-11 15:28:04.106,188490,0.950
2026-09-11 15:28:05.900,188500,0.950
2026-09-11 15:28:07.779,188505,0.950
2026-09-11 15:28:08.334,188515,0.950
2026-09-11 15:28:08.867,188520,0.950
2026-09-11 15:28:11.619,188525,0.950
2026-09-11 15:28:12.222,188540,0.950
2026-09-11 15:28:12.741,188545,0.950
2026-09-11 15:28:45.783,188550,0.950
2026-09-11 15:28:46.757,188560,0.950
2026-09-11 15:28:47.746,188575,0.950
2026-09-11 15:28:49.202,188590,0.950
2026-09-11 15:28:49.718,188595,0.950
2026-09-11 15:28:51.155,188600,0.950
2026-09-11 15:28:53.080,188610,0.950
2026-09-11 15:29:00.762,188570,0.950
2026-09-11 15:30:00.786,188405,0.950
2026-09-11 15:30:01.283,188420,0.950
2026-09-11 15:30:03.601,188425,0.950
2026-09-11 15:30:08.184,188435,0.950
2026-09-11 15:31:00.806,188225,0.950
2026-09-11 15:31:03.299,188235,0.950
2026-09-11 15:32:00.610,188140,0.950
2026-09-11 15:32:01.190,188145,0.950
2026-09-11 15:32:06.340,188150,0.950
2026-09-11 15:32:08.746,188160,0.950
2026-09-11 15:32:24.485,188165,0.950
2026-09-11 15:32:25.962,188170,0.950
2026-09-11 15:32:33.039,188175,0.950
2026-09-11 15:32:44.928,188185,0.950
2026-09-11 15:32:46.464,188195,0.950
2026-09-11 15:33:00.915,188175,0.950
2026-09-11 15:33:12.350,188180,0.950
2026-09-11 15:33:12.846,188185,0.950
2026-09-11 15:33:31.737,188190,0.950
2026-09-11 15:33:32.235,188195,0.950
2026-09-11 15:33:32.732,188200,0.950
2026-09-11 15:33:48.778,188210,0.950
2026-09-11 15:33:52.087,188215,0.950
2026-09-11 15:34:00.684,188185,0.950
2026-09-11 15:34:01.262,188190,0.950
2026-09-11 15:34:05.877,188195,0.950
2026-09-11 15:34:23.401,188200,0.950
2026-09-11 15:34:23.921,188205,0.950
2026-09-11 15:34:25.814,188215,0.950
2026-09-11 15:34:26.344,188225,0.950
2026-09-11 15:34:27.758,188235,0.950
2026-09-11 15:34:57.743,188240,0.950
2026-09-11 15:35:00.587,188225,0.950
2026-09-11 15:35:05.636,188230,0.950
2026-09-11 15:36:00.609,188175,0.950
2026-09-11 15:36:04.289,188180,0.950
2026-09-11 15:36:05.672,188185,0.950
2026-09-11 15:36:06.183,188195,0.950
2026-09-11 15:36:08.543,188200,0.950
2026-09-11 15:36:12.547,188225,0.950
2026-09-11 15:36:15.407,188235,0.950
2026-09-11 15:36:16.856,188265,0.950
2026-09-11 15:36:17.913,188280,0.950
2026-09-11 15:36:18.459,188290,0.950
2026-09-11 15:37:00.571,188250,0.950
2026-09-11 15:37:12.695,188255,0.950
2026-09-11 15:37:13.311,188265,0.950
2026-09-11 15:37:13.828,188270,0.950
2026-09-11 15:37:16.605,188275,0.950
2026-09-11 15:37:17.566,188290,0.950
2026-09-11 15:37:18.059,188315,0.950
2026-09-11 15:37:18.612,188320,0.950
2026-09-11 15:37:19.205,188355,0.950
2026-09-11 15:37:22.205,188360,0.950
2026-09-11 15:38:00.411,188270,0.950
2026-09-11 15:38:00.898,188275,0.950
2026-09-11 15:38:02.320,188280,0.950
2026-09-11 15:38:02.839,188285,0.950
2026-09-11 15:38:03.799,188290,0.950
2026-09-11 15:38:06.059,188295,0.950
2026-09-11 15:38:08.866,188300,0.950
2026-09-11 15:38:12.573,188305,0.950
2026-09-11 15:38:14.091,188310,0.950
2026-09-11 15:38:18.678,188320,0.950
2026-09-11 15:38:19.261,188325,0.950
2026-09-11 15:38:19.815,188330,0.950
2026-09-11 15:38:20.824,188355,0.950
2026-09-11 15:38:21.401,188360,0.950
2026-09-11 15:38:21.914,188365,0.950
2026-09-11 15:38:27.971,188370,0.950
2026-09-11 15:39:00.552,188330,0.950
2026-09-11 15:40:00.438,188300,0.950
2026-09-11 15:40:00.939,188310,0.950
2026-09-11 15:40:07.374,188315,0.950
2026-09-11 15:40:07.883,188320,0.950
2026-09-11 15:40:08.854,188325,0.950
2026-09-11 15:40:09.350,188335,0.950
2026-09-11 15:40:10.888,188340,0.950
2026-09-11 15:40:12.823,188345,0.950
2026-09-11 15:40:13.301,188350,0.950
2026-09-11 15:41:00.447,188295,0.950
2026-09-11 15:41:00.944,188300,0.950
2026-09-11 15:41:02.892,188320,0.950
2026-09-11 15:41:08.313,188325,0.950
2026-09-11 15:42:00.916,188275,0.950
2026-09-11 15:42:04.604,188285,0.950
2026-09-11 15:42:05.109,188295,0.950
2026-09-11 15:42:06.532,188305,0.950
2026-09-11 15:42:07.057,188310,0.950
2026-09-11 15:42:23.740,188315,0.950
2026-09-11 15:42:27.334,188320,0.950
2026-09-11 15:42:28.726,188325,0.950
2026-09-11 15:42:32.013,188330,0.950
2026-09-11 15:42:33.050,188335,0.950
2026-09-11 15:42:34.839,188340,0.950
2026-09-11 15:42:36.695,188350,0.950
2026-09-11 15:42:37.614,188355,0.950
2026-09-11 15:43:00.574,188350,0.950
2026-09-11 15:43:04.788,188355,0.950
2026-09-11 15:43:05.297,188365,0.950
2026-09-11 15:43:24.484,188380,0.950
2026-09-11 15:44:00.737,188345,0.950
2026-09-11 15:44:03.130,188350,0.950
2026-09-11 15:44:10.711,188355,0.950
2026-09-11 15:44:18.871,188360,0.950
2026-09-11 15:44:20.334,188365,0.950
2026-09-11 15:44:30.415,188375,0.950
2026-09-11 15:44:34.236,188380,0.950
2026-09-11 15:44:34.791,188390,0.950
2026-09-11 15:44:36.715,188400,0.950
2026-09-11 15:44:40.436,188405,0.950
2026-09-11 15:44:40.991,188415,0.950
2026-09-11 15:44:43.818,188420,0.950
2026-09-11 15:44:44.359,188425,0.950
2026-09-11 15:44:45.010,188430,0.950
2026-09-11 15:45:01.129,188415,0.950
2026-09-11 15:46:00.738,188400,0.950
2026-09-11 15:46:18.474,188405,0.950
2026-09-11 15:47:00.980,188370,0.950
2026-09-11 15:47:03.338,188375,0.950
2026-09-11 15:47:03.869,188395,0.950
2026-09-11 15:47:04.819,188405,0.950
2026-09-11 15:47:06.201,188410,0.950
2026-09-11 15:47:06.695,188425,0.950
2026-09-11 15:47:17.973,188430,0.950
2026-09-11 15:47:18.461,188455,0.950
2026-09-11 15:47:19.862,188460,0.950
2026-09-11 15:47:58.870,188465,0.950
2026-09-11 15:47:59.371,188480,0.950
2026-09-11 15:48:00.836,188475,0.950
2026-09-11 15:48:01.408,188480,0.950
2026-09-11 15:49:01.008,188405,0.950
2026-09-11 15:49:05.584,188410,0.950
2026-09-11 15:49:06.045,188430,0.950
2026-09-11 15:49:06.604,188440,0.950
2026-09-11 15:49:42.737,188445,0.950
2026-09-11 15:49:43.355,188470,0.950
2026-09-11 15:49:43.887,188490,0.950
2026-09-11 15:49:46.464,188495,0.950
2026-09-11 15:49:58.951,188540,0.950
2026-09-11 15:49:59.909,188550,0.950
2026-09-11 15:50:00.945,188530,0.950
2026-09-11 15:51:00.815,188490,0.950
2026-09-11 15:51:01.768,188495,0.950
2026-09-11 15:52:01.104,188415,0.950
2026-09-11 15:52:01.610,188430,0.950
2026-09-11 15:52:32.217,188440,0.950
2026-09-11 15:52:33.190,188445,0.950
2026-09-11 15:52:47.032,188460,0.950
2026-09-11 15:52:50.282,188465,0.950
2026-09-11 15:52:58.327,188470,0.950
2026-09-11 15:52:58.843,188475,0.950
2026-09-11 15:52:59.360,188490,0.950
2026-09-11 15:53:01.698,188495,0.950
2026-09-11 15:54:00.718,188460,0.950
2026-09-11 15:54:08.570,188465,0.950
2026-09-11 15:54:09.093,188470,0.950
2026-09-11 15:54:10.068,188475,0.950
2026-09-11 15:55:00.468,188410,0.950
2026-09-11 15:55:15.232,188415,0.950
2026-09-11 15:55:16.186,188420,0.950
2026-09-11 15:55:23.329,188425,0.950
2026-09-11 15:55:24.760,188435,0.950
2026-09-11 15:55:25.307,188450,0.950
2026-09-11 15:55:25.805,188455,0.950
2026-09-11 15:55:26.304,188460,0.950
2026-09-11 15:55:31.283,188470,0.950
2026-09-11 15:55:33.565,188475,0.950
2026-09-11 15:55:35.386,188480,0.950
2026-09-11 15:55:36.839,188485,0.950
2026-09-11 15:55:39.966,188490,0.950
2026-09-11 15:55:40.453,188495,0.950
2026-09-11 15:56:00.819,188480,0.950
2026-09-11 15:57:00.665,188440,0.950
2026-09-11 15:57:01.625,188445,0.950
2026-09-11 15:57:32.582,188450,0.950
2026-09-11 15:57:35.788,188465,0.950
2026-09-11 15:57:36.282,188470,0.950
2026-09-11 15:57:38.513,188475,0.950
2026-09-11 15:57:46.073,188480,0.950
2026-09-11 15:57:46.594,188490,0.950
2026-09-11 15:57:47.128,188495,0.950
2026-09-11 15:58:00.885,188485,0.950
2026-09-11 15:58:04.124,188495,0.950
2026-09-11 15:58:04.614,188500,0.950
2026-09-11 15:59:01.104,188460,0.950
2026-09-11 15:59:01.717,188465,0.950
2026-09-11 16:00:00.922,188445,0.950
2026-09-11 16:00:07.712,188450,0.950
2026-09-11 16:00:26.674,188460,0.950
2026-09-11 16:00:29.079,188465,0.950
2026-09-11 16:00:44.573,188470,0.950
2026-09-11 16:00:47.839,188475,0.950
2026-09-11 16:00:49.202,188480,0.950
2026-09-11 16:00:51.000,188490,0.950
2026-09-11 16:00:51.572,188495,0.950
2026-09-11 16:00:54.328,188500,0.950
2026-09-11 16:00:55.724,188515,0.950
2026-09-11 16:01:00.710,188495,0.950
2026-09-11 16:01:07.085,188510,0.950
2026-09-11 16:02:00.761,188490,0.950
2026-09-11 16:02:02.630,188495,0.950
2026-09-11 16:02:03.194,188505,0.950
2026-09-11 16:02:03.703,188520,0.950
2026-09-11 16:02:13.328,188545,0.950
2026-09-11 16:03:00.919,188530,0.950
2026-09-11 16:03:02.833,188535,0.950
2026-09-11 16:03:52.116,188545,0.950
2026-09-11 16:03:54.535,188550,0.950
2026-09-11 16:04:00.881,188545,0.950
2026-09-11 16:04:04.006,188560,0.950
2026-09-11 16:04:08.843,188585,0.950
2026-09-11 16:05:31.121,188595,0.950
2026-09-11 16:05:31.671,188660,0.950
2026-09-11 16:06:00.646,188590,0.950
2026-09-11 16:06:01.575,188595,0.950
2026-09-11 16:06:15.617,188600,0.950
2026-09-11 16:06:17.548,188605,0.950
2026-09-11 16:06:32.960,188610,0.950
2026-09-11 16:07:00.488,188590,0.950
2026-09-11 16:08:00.816,188535,0.950
2026-09-11 16:08:02.224,188540,0.950
2026-09-11 16:08:03.227,188545,0.950
2026-09-11 16:08:28.975,188550,0.950
2026-09-11 16:08:31.327,188560,0.950
2026-09-11 16:08:31.840,188565,0.950
2026-09-11 16:08:40.134,188575,0.950
2026-09-11 16:08:42.197,188580,0.950
2026-09-11 16:08:43.636,188585,0.950
2026-09-11 16:09:00.867,188580,0.950
2026-09-11 16:09:01.443,188585,0.950
2026-09-11 16:09:03.985,188605,0.950
2026-09-11 16:09:54.911,188685,0.950
2026-09-11 16:09:55.447,188770,0.950
2026-09-11 16:10:00.555,188635,0.950
2026-09-11 16:10:01.076,188640,0.950
2026-09-11 16:10:01.589,188645,0.950
2026-09-11 16:10:03.090,188655,0.950
2026-09-11 16:10:03.621,188690,0.950
2026-09-11 16:10:59.219,188700,0.950
2026-09-11 16:10:59.724,188715,0.950
2026-09-11 16:11:00.692,188695,0.950
2026-09-11 16:11:01.231,188700,0.950
2026-09-11 16:11:10.306,188705,0.950
2026-09-11 16:11:17.219,188715,0.950
2026-09-11 16:12:00.639,188680,0.950
2026-09-11 16:12:01.132,188690,0.950
2026-09-11 16:12:02.584,188695,0.950
2026-09-11 16:12:04.920,188700,0.950
2026-09-11 16:12:05.865,188715,0.950
2026-09-11 16:13:00.991,188685,0.950
2026-09-11 16:13:03.363,188690,0.950
2026-09-11 16:13:03.866,188720,0.950
2026-09-11 16:13:32.578,188725,0.950
2026-09-11 16:13:33.510,188730,0.950
2026-09-11 16:13:40.983,188745,0.950
2026-09-11 16:13:42.460,188750,0.950
2026-09-11 16:13:43.024,188760,0.950
2026-09-11 16:13:43.552,188770,0.950
2026-09-11 16:14:00.494,188745,0.950
2026-09-11 16:14:01.044,188750,0.950
2026-09-11 16:14:38.445,188755,0.950
2026-09-11 16:14:43.499,188760,0.950
2026-09-11 16:14:46.265,188765,0.950
2026-09-11 16:15:00.542,188760,0.950
2026-09-11 16:15:01.058,188775,0.950
2026-09-11 16:15:02.056,188785,0.950
2026-09-11 16:15:03.911,188790,0.950
2026-09-11 16:15:05.287,188795,0.950
2026-09-11 16:15:05.839,188805,0.950
2026-09-11 16:15:06.813,188845,0.950
2026-09-11 16:15:08.717,188865,0.950
2026-09-11 16:15:09.756,188880,0.950
2026-09-11 16:15:16.427,188895,0.950
2026-09-11 16:16:00.442,188790,0.950
2026-09-11 16:16:00.946,188795,0.950
2026-09-11 16:16:01.467,188800,0.950
2026-09-11 16:16:03.488,188810,0.950
2026-09-11 16:16:04.005,188830,0.950
2026-09-11 16:16:38.394,188835,0.950
2026-09-11 16:17:00.749,188795,0.950
2026-09-11 16:17:01.241,188805,0.950
2026-09-11 16:17:04.580,188815,0.950
2026-09-11 16:17:05.071,188820,0.950
2026-09-11 16:17:08.722,188825,0.950
2026-09-11 16:18:01.183,188655,0.950
2026-09-11 16:18:09.893,188660,0.950
2026-09-11 16:18:11.766,188665,0.950
2026-09-11 16:18:13.558,188670,0.950
2026-09-11 16:18:18.926,188680,0.950
2026-09-11 16:18:32.375,188685,0.950
2026-09-11 16:18:42.303,188690,0.950
2026-09-11 16:18:42.829,188695,0.950
2026-09-11 16:19:00.661,188680,0.950
2026-09-11 16:19:01.192,188685,0.950
2026-09-11 16:19:04.738,188690,0.950
2026-09-11 16:19:07.146,188695,0.950
2026-09-11 16:19:12.662,188700,0.950
2026-09-11 16:19:13.150,188705,0.950
2026-09-11 16:19:13.650,188715,0.950
2026-09-11 16:19:21.104,188725,0.950
2026-09-11 16:19:32.627,188730,0.950
2026-09-11 16:20:00.683,188710,0.950
2026-09-11 16:20:03.010,188715,0.950
2026-09-11 16:20:03.941,188720,0.950
2026-09-11 16:20:21.063,188735,0.950
2026-09-11 16:20:22.515,188740,0.950
2026-09-11 16:20:23.063,188745,0.950
2026-09-11 16:20:24.897,188750,0.950
2026-09-11 16:20:31.270,188755,0.950
2026-09-11 16:21:00.668,188710,0.950
2026-09-11 16:22:00.666,188675,0.950
2026-09-11 16:23:00.788,188660,0.950
2026-09-11 16:23:01.725,188665,0.950
2026-09-11 16:23:04.485,188670,0.950
2026-09-11 16:23:12.553,188675,0.950
2026-09-11 16:23:13.051,188680,0.950
2026-09-11 16:23:14.931,188685,0.950
2026-09-11 16:23:28.223,188690,0.950
2026-09-11 16:23:50.413,188695,0.950
2026-09-11 16:23:53.795,188710,0.950
2026-09-11 16:23:54.393,188720,0.950
2026-09-11 16:23:58.888,188730,0.950
2026-09-11 16:24:00.846,188715,0.950
2026-09-11 16:24:07.741,188720,0.950
2026-09-11 16:25:00.411,188675,0.950
2026-09-11 16:25:01.850,188680,0.950
2026-09-11 16:25:13.183,188685,0.950
2026-09-11 16:25:13.734,188690,0.950
2026-09-11 16:25:14.263,188710,0.950
2026-09-11 16:25:14.766,188715,0.950
2026-09-11 16:25:15.711,188720,0.950
2026-09-11 16:25:19.781,188725,0.950
2026-09-11 16:25:25.633,188730,0.950
2026-09-11 16:25:30.542,188750,0.950
2026-09-11 16:25:58.384,188755,0.950
2026-09-11 16:25:59.441,188765,0.950
2026-09-11 16:26:00.548,188730,0.950
2026-09-11 16:26:01.537,188735,0.950
2026-09-11 16:26:02.043,188740,0.950
2026-09-11 16:26:08.118,188765,0.950
2026-09-11 16:26:08.649,188770,0.950
2026-09-11 16:26:09.141,188790,0.950
2026-09-11 16:26:44.486,188795,0.950
2026-09-11 16:27:00.604,188765,0.950
2026-09-11 16:27:07.552,188775,0.950
2026-09-11 16:27:09.038,188780,0.950
2026-09-11 16:27:10.592,188790,0.950
2026-09-11 16:27:11.147,188810,0.950
2026-09-11 16:28:00.908,188725,0.950
2026-09-11 16:28:23.296,188730,0.950
2026-09-11 16:28:49.193,188740,0.950
2026-09-11 16:28:50.183,188745,0.950
2026-09-11 16:29:09.958,188755,0.950
2026-09-11 16:29:48.435,188765,0.950
2026-09-11 16:29:48.937,188770,0.950
2026-09-11 16:29:51.941,188775,0.950
2026-09-11 16:30:00.382,188760,0.950
2026-09-11 16:30:03.115,188770,0.950
2026-09-11 16:30:03.611,188775,0.950
2026-09-11 16:30:05.004,188780,0.950
2026-09-11 16:30:05.989,188795,0.950
2026-09-11 16:30:15.805,188815,0.950
2026-09-11 16:30:16.318,188820,0.950
2026-09-11 16:30:25.691,188825,0.950
2026-09-11 16:30:40.637,188830,0.950
2026-09-11 16:30:41.126,188835,0.950
2026-09-11 16:30:41.744,188845,0.950
2026-09-11 16:31:00.993,188830,0.950
2026-09-11 16:31:01.966,188835,0.950
2026-09-11 16:31:02.911,188840,0.950
2026-09-11 16:31:35.302,188855,0.950
2026-09-11 16:31:38.075,188865,0.950
2026-09-11 16:31:48.589,188870,0.950
2026-09-11 16:31:52.789,188875,0.950
2026-09-11 16:31:56.937,188885,0.950
2026-09-11 16:32:23.266,188890,0.950
2026-09-11 16:32:23.789,188940,0.950
2026-09-11 16:32:25.701,188955,0.950
2026-09-11 16:33:00.522,188930,0.950
2026-09-11 16:34:00.652,188855,0.950
2026-09-11 16:34:01.669,188860,0.950
2026-09-11 16:34:15.205,188865,0.950
2026-09-11 16:34:17.117,188870,0.950
2026-09-11 16:34:26.942,188885,0.950
2026-09-11 16:34:38.123,188890,0.950
2026-09-11 16:35:00.473,188885,0.950
2026-09-11 16:35:00.990,188890,0.950
2026-09-11 16:35:05.537,188895,0.950
2026-09-11 16:35:06.496,188905,0.950
2026-09-11 16:36:00.586,188750,0.950
2026-09-11 16:36:04.691,188760,0.950
2026-09-11 16:36:05.198,188765,0.950
2026-09-11 16:36:05.738,188770,0.950
2026-09-11 16:36:06.272,188775,0.950
2026-09-11 16:36:09.072,188785,0.950
2026-09-11 16:36:09.575,188790,0.950
2026-09-11 16:36:25.380,188800,0.950
2026-09-11 16:36:28.660,188805,0.950
2026-09-11 16:37:00.608,188795,0.950
2026-09-11 16:37:04.276,188800,0.950
2026-09-11 16:37:10.537,188805,0.950
2026-09-11 16:37:11.461,188815,0.950
2026-09-11 16:37:13.326,188820,0.950
2026-09-11 16:37:29.651,188830,0.950
2026-09-11 16:37:31.041,188835,0.950
2026-09-11 16:38:00.812,188800,0.950
2026-09-11 16:38:01.327,188805,0.950
2026-09-11 16:39:00.453,188775,0.950
2026-09-11 16:39:07.187,188785,0.950
2026-09-11 16:39:29.460,188790,0.950
2026-09-11 16:39:29.978,188795,0.950
2026-09-11 16:39:30.488,188800,0.950
2026-09-11 16:39:31.015,188810,0.950
2026-09-11 16:40:00.799,188750,0.950
2026-09-11 16:40:01.313,188755,0.950
2026-09-11 16:40:01.815,188760,0.950
2026-09-11 16:40:03.221,188765,0.950
2026-09-11 16:40:24.793,188770,0.950
2026-09-11 16:40:29.715,188775,0.950
2026-09-11 16:41:00.823,188715,0.950
2026-09-11 16:41:01.351,188730,0.950
2026-09-11 16:41:01.875,188740,0.950
2026-09-11 16:41:02.419,188745,0.950
2026-09-11 16:41:53.790,188760,0.950
2026-09-11 16:42:00.941,188755,0.950
2026-09-11 16:42:02.396,188760,0.950
2026-09-11 16:42:03.435,188770,0.950
2026-09-11 16:43:00.816,188740,0.950
2026-09-11 16:43:01.841,188750,0.950
2026-09-11 16:43:25.087,188755,0.950
2026-09-11 16:43:26.525,188765,0.950
2026-09-11 16:43:27.085,188775,0.950
2026-09-11 16:43:38.841,188790,0.950
2026-09-11 16:43:41.205,188795,0.950
2026-09-11 16:43:45.318,188800,0.950
2026-09-11 16:43:46.421,188825,0.950
2026-09-11 16:44:00.545,188790,0.950
2026-09-11 16:44:05.483,188795,0.950
2026-09-11 16:44:06.006,188800,0.950
2026-09-11 16:44:11.937,188805,0.950
2026-09-11 16:44:26.427,188810,0.950
2026-09-11 16:44:32.415,188815,0.950
2026-09-11 16:44:32.947,188820,0.950
2026-09-11 16:44:33.971,188825,0.950
2026-09-11 16:44:34.979,188830,0.950
2026-09-11 16:45:00.815,188805,0.950
2026-09-11 16:45:03.203,188820,0.950
2026-09-11 16:45:03.710,188825,0.950
2026-09-11 16:45:06.105,188830,0.950
2026-09-11 16:45:06.608,188835,0.950
2026-09-11 16:46:00.836,188790,0.950
2026-09-11 16:47:00.693,188760,0.950
2026-09-11 16:47:01.209,188765,0.950
2026-09-11 16:47:02.130,188770,0.950
2026-09-11 16:47:03.077,188775,0.950
2026-09-11 16:47:15.473,188780,0.950
2026-09-11 16:47:48.716,188785,0.950
2026-09-11 16:47:49.206,188790,0.950
2026-09-11 16:47:54.415,188800,0.950
2026-09-11 16:47:54.966,188805,0.950
2026-09-11 16:47:56.905,188815,0.950
2026-09-11 16:47:57.428,188820,0.950
2026-09-11 16:48:00.606,188810,0.950
2026-09-11 16:48:02.051,188820,0.950
2026-09-11 16:48:02.594,188825,0.950
2026-09-11 16:48:03.579,188830,0.950
2026-09-11 16:48:54.994,188835,0.950
2026-09-11 16:48:55.494,188845,0.950
2026-09-11 16:49:01.029,188840,0.950
2026-09-11 16:49:01.567,188845,0.950
2026-09-11 16:49:02.097,188850,0.950
2026-09-11 16:49:03.227,188860,0.950
2026-09-11 16:50:00.469,188830,0.950
2026-09-11 16:50:00.992,188835,0.950
2026-09-11 16:50:01.513,188850,0.950
2026-09-11 16:50:02.079,188855,0.950
2026-09-11 16:50:02.670,188860,0.950
2026-09-11 16:50:03.190,188880,0.950
2026-09-11 16:50:15.202,188885,0.950
2026-09-11 16:50:15.703,188890,0.950
2026-09-11 16:51:00.613,188810,0.950
2026-09-11 16:51:02.950,188815,0.950
2026-09-11 16:51:04.755,188835,0.950
2026-09-11 16:51:05.263,188845,0.950
2026-09-11 16:51:05.761,188855,0.950
2026-09-11 16:51:07.635,188860,0.950
2026-09-11 16:51:10.896,188865,0.950
2026-09-11 16:51:15.084,188875,0.950
2026-09-11 16:51:16.478,188880,0.950
2026-09-11 16:51:39.770,188885,0.950
2026-09-11 16:51:40.774,188890,0.950
2026-09-11 16:52:00.438,188875,0.950
2026-09-11 16:52:00.937,188880,0.950
2026-09-11 16:52:02.372,188890,0.950
2026-09-11 16:52:02.935,188895,0.950
2026-09-11 16:52:03.946,188900,0.950
2026-09-11 16:52:05.364,188915,0.950
2026-09-11 16:52:51.094,188920,0.950
2026-09-11 16:52:52.110,188925,0.950
2026-09-11 16:52:52.676,188935,0.950
2026-09-11 16:52:53.708,188940,0.950
2026-09-11 16:53:00.566,188935,0.950
2026-09-11 16:53:01.139,188940,0.950
2026-09-11 16:53:01.725,188950,0.950
2026-09-11 16:53:05.881,189010,0.950
2026-09-11 16:53:08.337,189015,0.950
2026-09-11 16:54:00.798,189000,0.950
2026-09-11 16:54:10.705,189005,0.950
2026-09-11 16:54:11.227,189010,0.950
2026-09-11 16:54:48.771,189030,0.950
2026-09-11 16:55:00.728,189010,0.950
2026-09-11 16:55:01.237,189020,0.950
2026-09-11 16:56:00.483,188975,0.950
2026-09-11 16:56:00.972,188980,0.950
2026-09-11 16:56:28.731,188985,0.950
2026-09-11 16:56:29.678,188990,0.950
2026-09-11 16:56:30.225,188995,0.950
2026-09-11 16:56:31.662,189010,0.950
2026-09-11 16:57:00.618,188980,0.950
2026-09-11 16:57:01.546,188985,0.950
2026-09-11 16:57:02.055,188990,0.950
2026-09-11 16:57:02.553,188995,0.950
2026-09-11 16:57:23.322,189000,0.950
2026-09-11 16:57:23.818,189005,0.950
2026-09-11 16:57:53.042,189010,0.950
2026-09-11 16:58:01.570,189050,0.950
2026-09-11 16:58:02.112,189100,0.950
2026-09-11 16:59:00.477,189020,0.950
2026-09-11 16:59:01.029,189025,0.950
2026-09-11 16:59:05.574,189030,0.950
2026-09-11 16:59:06.148,189035,0.950
2026-09-11 16:59:19.620,189040,0.950
2026-09-11 16:59:20.601,189045,0.950
2026-09-11 16:59:21.128,189065,0.950
2026-09-11 17:00:00.721,189045,0.950
2026-09-11 17:00:01.222,189055,0.950
2026-09-11 17:00:03.655,189065,0.950
2026-09-11 17:01:00.558,189050,0.950
2026-09-11 17:01:02.917,189055,0.950
2026-09-11 17:01:03.439,189060,0.950
2026-09-11 17:01:04.383,189065,0.950
2026-09-11 17:01:15.931,189075,0.950
2026-09-11 17:01:22.786,189080,0.950
2026-09-11 17:01:50.489,189085,0.950
2026-09-11 17:01:50.982,189090,0.950
2026-09-11 17:01:51.930,189115,0.950
2026-09-11 17:02:00.865,189120,0.950
2026-09-11 17:02:13.626,189130,0.950
2026-09-11 17:02:26.214,189135,0.950
2026-09-11 17:03:00.991,189105,0.950
2026-09-11 17:04:00.698,189075,0.950
2026-09-11 17:04:19.110,189080,0.950
2026-09-11 17:05:00.556,189075,0.950
2026-09-11 17:05:04.652,189080,0.950
2026-09-11 17:05:05.586,189085,0.950
2026-09-11 17:05:06.532,189090,0.950
2026-09-11 17:05:07.451,189120,0.950
2026-09-11 17:05:08.853,189125,0.950
2026-09-11 17:05:09.460,189130,0.950
2026-09-11 17:05:11.736,189140,0.950
2026-09-11 17:05:12.229,189150,0.950
2026-09-11 17:05:13.627,189155,0.950
2026-09-11 17:05:28.772,189160,0.950
2026-09-11 17:06:00.385,189135,0.950
2026-09-11 17:06:01.321,189140,0.950
2026-09-11 17:07:00.614,189090,0.950
2026-09-11 17:07:12.726,189095,0.950
2026-09-11 17:07:18.611,189105,0.950
2026-09-11 17:08:00.623,189065,0.950
2026-09-11 17:08:03.043,189070,0.950
2026-09-11 17:08:03.556,189090,0.950
2026-09-11 17:08:06.813,189095,0.950
2026-09-11 17:08:08.272,189100,0.950
2026-09-11 17:09:00.972,189080,0.950
2026-09-11 17:09:01.505,189085,0.950
2026-09-11 17:09:06.550,189090,0.950
2026-09-11 17:10:00.845,189075,0.950
2026-09-11 17:10:01.362,189080,0.950
2026-09-11 17:11:00.623,188905,0.950
2026-09-11 17:11:02.593,188920,0.950
2026-09-11 17:12:00.420,188890,0.950
2026-09-11 17:12:00.941,188900,0.950
2026-09-11 17:12:01.898,188905,0.950
2026-09-11 17:12:32.916,188910,0.950
2026-09-11 17:12:56.913,188915,0.950
2026-09-11 17:12:58.506,188930,0.950
2026-09-11 17:13:01.261,188955,0.950
2026-09-11 17:13:02.199,188960,0.950
2026-09-11 17:14:00.461,188910,0.950
2026-09-11 17:14:01.016,188915,0.950
2026-09-11 17:14:09.301,188955,0.950
2026-09-11 17:14:37.434,188965,0.950
2026-09-11 17:14:50.640,188970,0.950
2026-09-11 17:15:00.512,188940,0.950
2026-09-11 17:15:00.990,188945,0.950
2026-09-11 17:15:02.920,188950,0.950
2026-09-11 17:15:05.662,188965,0.950
2026-09-11 17:16:00.982,188930,0.950
2026-09-11 17:16:01.504,188935,0.950
2026-09-11 17:17:00.740,188930,0.950
2026-09-11 17:17:04.824,188940,0.950
2026-09-11 17:17:05.785,188945,0.950
2026-09-11 17:18:00.972,188925,0.950
2026-09-11 17:19:00.640,188855,0.950
2026-09-11 17:19:06.479,188860,0.950
2026-09-11 17:19:20.267,188870,0.950
2026-09-11 17:19:21.212,188875,0.950
2026-09-11 17:19:38.800,188880,0.950
2026-09-11 17:19:48.125,188885,0.950
2026-09-11 17:20:00.426,188900,0.950
2026-09-11 17:20:03.299,188910,0.950
2026-09-11 17:20:03.821,188915,0.950
2026-09-11 17:20:04.897,188920,0.950
2026-09-11 17:20:05.940,188930,0.950
2026-09-11 17:20:06.450,188935,0.950
2026-09-11 17:20:07.494,188940,0.950
2026-09-11 17:20:15.507,188945,0.950
2026-09-11 17:20:16.060,188950,0.950
2026-09-11 17:20:16.646,188970,0.950
2026-09-11 17:20:17.175,188975,0.950
2026-09-11 17:20:20.465,188985,0.950
2026-09-11 17:20:30.006,188990,0.950
2026-09-11 17:21:00.491,188980,0.950
2026-09-11 17:21:02.850,188985,0.950
2026-09-11 17:21:30.806,188990,0.950
2026-09-11 17:21:32.263,188995,0.950
2026-09-11 17:23:00.570,188985,0.950
2026-09-11 17:23:10.012,188990,0.950
2026-09-11 17:23:12.359,188995,0.950
2026-09-11 17:23:13.735,189000,0.950
2026-09-11 17:24:00.696,188970,0.950
2026-09-11 17:24:02.716,188975,0.950
2026-09-11 17:24:12.247,188980,0.950
2026-09-11 17:24:16.461,188990,0.950
2026-09-11 17:24:17.879,188995,0.950
2026-09-11 17:24:20.639,189000,0.950
2026-09-11 17:25:00.760,188975,0.950
2026-09-11 17:25:09.295,188980,0.950
2026-09-11 17:25:10.766,188985,0.950
2026-09-11 17:25:11.714,188995,0.950
2026-09-11 17:25:13.500,189000,0.950
2026-09-11 17:25:17.620,189010,0.950
2026-09-11 17:25:18.579,189015,0.950
2026-09-11 17:26:01.024,188965,0.950
2026-09-11 17:26:01.534,188970,0.950
2026-09-11 17:27:00.646,188900,0.950
2026-09-11 17:27:07.385,188905,0.950
2026-09-11 17:27:07.887,188910,0.950
2026-09-11 17:27:10.271,188915,0.950
2026-09-11 17:27:10.759,188920,0.950
2026-09-11 17:28:00.454,188895,0.950
2026-09-11 17:28:13.924,188905,0.950
2026-09-11 17:29:00.609,188885,0.950
2026-09-11 17:29:01.189,188895,0.950
2026-09-11 17:29:01.724,188900,0.950
2026-09-11 17:29:23.878,188905,0.950
2026-09-11 17:30:00.748,188900,0.950
2026-09-11 17:30:01.236,188905,0.950
2026-09-11 17:30:01.794,188910,0.950
2026-09-11 17:30:39.449,188915,0.950
2026-09-11 17:31:00.878,188880,0.950
2026-09-11 17:31:25.995,188885,0.950
2026-09-11 17:31:32.752,188890,0.950
2026-09-11 17:31:34.644,188895,0.950
2026-09-11 17:31:47.948,188900,0.950
2026-09-11 17:31:51.170,188905,0.950
2026-09-11 17:32:00.867,188890,0.950
2026-09-11 17:33:00.492,188645,0.950
2026-09-11 17:34:00.629,188575,0.950
2026-09-11 17:34:03.764,188580,0.950
2026-09-11 17:34:05.837,188585,0.950
2026-09-11 17:34:06.365,188590,0.950
2026-09-11 17:34:07.001,188595,0.950
2026-09-11 17:34:07.524,188600,0.950
2026-09-11 17:34:14.794,188630,0.950
2026-09-11 17:34:15.302,188670,0.950
2026-09-11 17:34:16.308,188695,0.950
2026-09-11 17:34:18.200,188700,0.950
2026-09-11 17:34:18.758,188710,0.950
2026-09-11 17:35:00.572,188680,0.950
2026-09-11 17:36:00.951,188625,0.950
2026-09-11 17:36:02.880,188630,0.950
2026-09-11 17:36:04.306,188635,0.950
2026-09-11 17:36:05.231,188650,0.950
2026-09-11 17:36:06.165,188655,0.950
2026-09-11 17:36:08.578,188660,0.950
2026-09-11 17:36:09.072,188665,0.950
2026-09-11 17:36:37.327,188675,0.950
2026-09-11 17:36:52.941,188685,0.950
2026-09-11 17:37:00.868,188660,0.950
2026-09-11 17:37:06.389,188665,0.950
2026-09-11 17:37:07.810,188670,0.950
2026-09-11 17:37:09.618,188675,0.950
2026-09-11 17:37:14.179,188680,0.950
2026-09-11 17:37:15.183,188685,0.950
2026-09-11 17:38:00.677,188655,0.950
2026-09-11 17:38:02.083,188660,0.950
2026-09-11 17:38:03.487,188665,0.950
2026-09-11 17:38:03.993,188670,0.950
2026-09-11 17:38:06.263,188675,0.950
2026-09-11 17:38:43.340,188680,0.950
2026-09-11 17:38:43.831,188685,0.950
2026-09-11 17:38:44.845,188690,0.950
2026-09-11 17:39:00.839,188675,0.950
2026-09-11 17:39:01.373,188685,0.950
2026-09-11 17:40:00.482,188635,0.950
2026-09-11 17:40:04.547,188640,0.950
2026-09-11 17:40:05.952,188645,0.950
2026-09-11 17:40:07.886,188650,0.950
2026-09-11 17:41:00.753,188610,0.950
2026-09-11 17:41:01.266,188615,0.950
2026-09-11 17:41:02.188,188620,0.950
2026-09-11 17:41:08.094,188640,0.950
2026-09-11 17:41:10.933,188645,0.950
2026-09-11 17:41:45.065,188650,0.950
2026-09-11 17:41:46.055,188660,0.950
2026-09-11 17:42:00.804,188645,0.950
2026-09-11 17:42:02.751,188650,0.950
2026-09-11 17:42:04.141,188655,0.950
2026-09-11 17:42:07.312,188660,0.950
2026-09-11 17:42:07.849,188665,0.950
2026-09-11 17:43:00.710,188650,0.950
2026-09-11 17:43:06.886,188655,0.950
2026-09-11 17:43:07.389,188660,0.950
2026-09-11 17:43:09.732,188665,0.950
2026-09-11 17:43:26.452,188695,0.950
2026-09-11 17:43:37.272,188705,0.950
2026-09-11 17:44:00.745,188670,0.950
2026-09-11 17:44:02.663,188675,0.950
2026-09-11 17:44:04.741,188680,0.950
2026-09-11 17:44:05.746,188690,0.950
2026-09-11 17:44:09.123,188695,0.950
2026-09-11 17:44:12.454,188710,0.950
2026-09-11 17:44:12.995,188740,0.950
2026-09-11 17:45:00.639,188700,0.950
2026-09-11 17:45:03.455,188705,0.950
2026-09-11 17:45:04.405,188710,0.950
2026-09-11 17:45:05.844,188715,0.950
2026-09-11 17:45:11.269,188720,0.950
2026-09-11 17:46:00.795,188710,0.950
2026-09-11 17:46:04.080,188715,0.950
2026-09-11 17:46:25.517,188720,0.950
2026-09-11 17:46:31.956,188725,0.950
2026-09-11 17:46:41.008,188730,0.950
2026-09-11 17:46:43.346,188735,0.950
2026-09-11 17:46:48.344,188740,0.950
2026-09-11 17:47:00.559,188730,0.950
2026-09-11 17:47:02.465,188740,0.950
2026-09-11 17:48:00.493,188720,0.950
2026-09-11 17:48:01.049,188725,0.950
2026-09-11 17:48:03.065,188730,0.950
2026-09-11 17:49:00.425,188710,0.950
2026-09-11 17:49:01.896,188715,0.950
2026-09-11 17:49:09.976,188720,0.950
2026-09-11 17:50:00.637,188685,0.950
2026-09-11 17:51:00.378,188670,0.950
2026-09-11 17:51:03.587,188680,0.950
2026-09-11 17:51:04.095,188685,0.950
2026-09-11 17:51:07.721,188695,0.950
2026-09-11 17:51:09.086,188700,0.950
2026-09-11 17:51:56.043,188705,0.950
2026-09-11 17:52:00.756,188685,0.950
2026-09-11 17:52:05.261,188690,0.950
2026-09-11 17:52:06.631,188700,0.950
2026-09-11 17:52:08.051,188705,0.950
2026-09-11 17:52:11.743,188710,0.950
2026-09-11 17:52:15.968,188715,0.950
2026-09-11 17:52:26.464,188720,0.950
2026-09-11 17:52:33.675,188730,0.950
2026-09-11 17:52:47.111,188735,0.950
2026-09-11 17:53:00.641,188715,0.950
2026-09-11 17:53:23.363,188720,0.950
2026-09-11 17:53:25.337,188725,0.950
2026-09-11 17:53:27.202,188730,0.950
2026-09-11 17:54:04.095,188735,0.950
2026-09-11 17:55:00.652,188730,0.950
2026-09-11 17:55:01.149,188735,0.950
2026-09-11 17:55:34.653,188785,0.950
2026-09-11 17:55:35.156,188790,0.950
2026-09-11 17:55:36.103,188810,0.950
2026-09-11 17:55:36.604,188815,0.950
2026-09-11 17:55:37.088,188835,0.950
2026-09-11 17:55:39.572,188840,0.950
2026-09-11 17:56:00.551,188790,0.950
2026-09-11 17:56:01.546,188795,0.950
2026-09-11 17:57:00.866,188800,0.950
2026-09-11 17:57:02.347,188805,0.950
2026-09-11 17:57:02.965,188810,0.950
2026-09-11 17:57:03.914,188815,0.950
2026-09-11 17:57:04.855,188820,0.950
2026-09-11 17:57:05.801,188825,0.950
2026-09-11 17:57:07.195,188830,0.950
2026-09-11 17:57:09.096,188840,0.950
2026-09-11 17:58:00.604,188835,0.950
2026-09-11 17:58:01.094,188840,0.950
2026-09-11 17:58:04.023,188870,0.950
2026-09-11 17:58:04.593,188875,0.950
2026-09-11 17:58:05.106,188890,0.950
2026-09-11 17:58:32.212,188900,0.950
2026-09-11 17:58:33.694,188910,0.950
2026-09-11 17:58:36.522,188930,0.950
2026-09-11 17:59:00.717,188950,0.950
2026-09-11 17:59:52.317,188955,0.950
2026-09-11 17:59:57.286,188960,0.950
2026-09-11 18:00:00.937,188930,0.950
2026-09-11 18:00:01.438,188935,0.950
2026-09-11 18:00:08.618,188940,0.950
2026-09-11 18:00:09.155,188945,0.950
2026-09-11 18:00:11.072,188955,0.950
2026-09-11 18:00:12.933,188960,0.950
2026-09-11 18:01:00.770,188860,0.950
2026-09-11 18:01:04.816,188940,0.950
2026-09-11 18:01:05.311,188945,0.950
2026-09-11 18:01:07.607,188955,0.950
2026-09-11 18:01:08.158,188990,0.950
2026-09-11 18:01:29.379,188995,0.950
2026-09-11 18:01:30.326,189000,0.950
2026-09-11 18:01:31.905,189030,0.950
2026-09-11 18:01:40.642,189035,0.950
2026-09-11 18:02:00.579,188965,0.950
2026-09-11 18:02:01.079,188970,0.950
2026-09-11 18:02:01.635,188975,0.950
2026-09-11 18:02:02.633,189000,0.950
2026-09-11 18:02:03.658,189005,0.950
2026-09-11 18:02:07.351,189010,0.950
2026-09-11 18:02:09.739,189020,0.950
2026-09-11 18:03:00.776,188985,0.950
2026-09-11 18:03:14.439,188995,0.950
2026-09-11 18:03:15.369,189000,0.950
2026-09-11 18:03:25.218,189005,0.950
2026-09-11 18:03:42.240,189020,0.950
2026-09-11 18:04:00.654,188930,0.950
2026-09-11 18:04:01.176,188935,0.950
2026-09-11 18:04:02.181,188940,0.950
2026-09-11 18:04:03.255,188945,0.950
2026-09-11 18:04:04.278,188950,0.950
2026-09-11 18:04:04.847,188955,0.950
2026-09-11 18:04:05.976,188960,0.950
2026-09-11 18:04:07.062,188965,0.950
2026-09-11 18:04:08.526,188970,0.950
2026-09-11 18:05:00.624,188930,0.950
2026-09-11 18:06:00.941,188745,0.950
2026-09-11 18:06:02.638,188750,0.950
2026-09-11 18:06:04.098,188755,0.950
2026-09-11 18:06:04.587,188760,0.950
2026-09-11 18:06:06.848,188770,0.950
2026-09-11 18:06:09.191,188780,0.950
2026-09-11 18:06:11.092,188785,0.950
2026-09-11 18:06:14.721,188790,0.950
2026-09-11 18:06:16.509,188795,0.950
2026-09-11 18:06:26.769,188800,0.950
2026-09-11 18:06:30.807,188805,0.950
2026-09-11 18:06:31.901,188810,0.950
2026-09-11 18:06:33.754,188815,0.950
2026-09-11 18:07:00.933,188775,0.950
2026-09-11 18:07:01.888,188780,0.950
2026-09-11 18:07:02.396,188785,0.950
2026-09-11 18:07:03.394,188790,0.950
2026-09-11 18:07:05.739,188795,0.950
2026-09-11 18:07:18.362,188800,0.950
2026-09-11 18:07:19.299,188805,0.950
2026-09-11 18:07:30.015,188810,0.950
2026-09-11 18:07:32.349,188815,0.950
2026-09-11 18:07:36.384,188825,0.950
2026-09-11 18:07:38.264,188835,0.950
2026-09-11 18:07:46.314,188840,0.950
2026-09-11 18:08:00.558,188820,0.950
2026-09-11 18:08:01.073,188825,0.950
2026-09-11 18:08:01.578,188830,0.950
2026-09-11 18:08:13.156,188835,0.950
2026-09-11 18:08:23.946,188865,0.950
2026-09-11 18:09:01.263,188820,0.950
2026-09-11 18:09:03.739,188830,0.950
2026-09-11 18:09:05.357,188840,0.950
2026-09-11 18:09:42.926,188845,0.950
2026-09-11 18:10:00.958,188825,0.950
2026-09-11 18:10:03.338,188830,0.950
2026-09-11 18:10:03.876,188840,0.950
2026-09-11 18:10:07.510,188845,0.950
2026-09-11 18:10:18.221,188865,0.950
2026-09-11 18:10:19.744,188875,0.950
2026-09-11 18:10:20.717,188900,0.950
2026-09-11 18:10:30.164,188905,0.950
2026-09-11 18:10:30.665,188910,0.950
2026-09-11 18:10:31.603,188920,0.950
2026-09-11 18:10:41.595,188930,0.950
2026-09-11 18:10:42.543,188940,0.950
2026-09-11 18:10:44.412,188945,0.950
2026-09-11 18:10:44.930,188950,0.950
2026-09-11 18:10:47.860,188955,0.950
2026-09-11 18:10:48.361,188960,0.950
2026-09-11 18:10:54.219,188970,0.950
2026-09-11 18:11:00.959,188925,0.950
2026-09-11 18:11:03.838,188940,0.950
2026-09-11 18:11:05.214,188945,0.950
2026-09-11 18:11:47.838,188950,0.950
2026-09-11 18:11:53.334,188955,0.950
2026-09-11 18:12:00.539,188945,0.950
2026-09-11 18:12:01.984,188950,0.950
2026-09-11 18:12:21.957,188955,0.950
2026-09-11 18:13:00.762,188935,0.950
2026-09-11 18:13:01.304,188945,0.950
2026-09-11 18:13:01.836,188955,0.950
2026-09-11 18:13:20.454,188970,0.950
2026-09-11 18:14:00.769,188965,0.950
2026-09-11 18:14:02.309,188970,0.950
2026-09-11 18:15:00.730,188790,0.950
2026-09-11 18:16:00.543,188740,0.950
2026-09-11 18:16:01.057,188745,0.950
2026-09-11 18:16:09.109,188750,0.950
2026-09-11 18:16:11.425,188755,0.950
2026-09-11 18:16:13.705,188770,0.950
2026-09-11 18:17:00.798,188730,0.950
2026-09-11 18:17:24.180,188735,0.950
2026-09-11 18:17:30.084,188740,0.950
2026-09-11 18:17:50.876,188745,0.950
2026-09-11 18:17:57.490,188750,0.950
2026-09-11 18:19:00.544,188725,0.950
2026-09-11 18:19:01.085,188730,0.950
2026-09-11 18:19:04.080,188735,0.950
2026-09-11 18:19:06.521,188740,0.950
2026-09-11 18:19:09.213,188745,0.950
2026-09-11 18:20:00.644,188640,0.950
2026-09-11 18:20:48.329,188645,0.950
2026-09-11 18:20:49.273,188655,0.950
2026-09-11 18:20:49.795,188660,0.950
2026-09-11 18:21:01.037,188635,0.950
2026-09-11 18:21:01.516,188645,0.950
2026-09-11 18:21:14.122,188650,0.950
2026-09-11 18:21:32.288,188655,0.950
2026-09-11 18:21:35.575,188660,0.950
2026-09-11 18:21:39.267,188675,0.950
2026-09-11 18:22:00.527,188670,0.950
2026-09-11 18:23:00.521,188665,0.950
2026-09-11 18:23:23.934,188680,0.950
2026-09-11 18:23:28.096,188685,0.950
2026-09-11 18:23:33.180,188690,0.950
2026-09-11 18:24:00.938,188620,0.950
2026-09-11 18:24:01.885,188630,0.950
2026-09-11 18:24:12.414,188635,0.950
2026-09-11 18:24:17.842,188640,0.950
2026-09-11 18:24:52.126,188645,0.950
2026-09-11 18:25:11.409,186721,0.950
2026-09-11 18:25:12.377,186700,0.950
2026-09-11 18:25:13.312,186660,0.950
2026-09-11 18:25:15.109,188700,0.950
2026-09-11 18:25:26.315,188721,0.950
2026-09-11 18:26:35.602,188711,0.950
2026-09-11 18:26:43.797,188721,0.950
2026-09-11 18:31:20.833,188720,0.950
2026-09-11 18:53:38.308,188660,0.950
2026-09-11 18:53:38.953,188720,0.950
2026-09-11 18:53:41.782,189105,0.950
2026-09-11 18:53:42.279,188510,0.950
2026-09-11 18:53:42.767,189410,0.950
2026-09-11 18:53:43.384,189440,0.950
2026-09-11 18:53:46.458,188780,0.950
2026-09-11 18:53:48.003,188715,0.950
2026-09-11 18:53:50.359,189475,0.950
2026-09-11 18:53:51.821,189340,0.950
2026-09-11 18:53:53.215,189825,0.950
2026-09-11 18:53:56.058,190210,0.950
2026-09-11 18:55:22.016,189475,0.950
2026-09-11 18:55:23.131,189425,0.950
2026-09-11 18:55:25.160,189870,0.950
2026-09-11 18:55:26.844,189370,0.950
2026-09-11 18:55:27.377,189400,0.950
2026-09-11 18:55:31.726,190585,0.950
2026-09-11 18:55:34.642,190075,0.950
2026-09-11 18:55:35.304,190585,0.950
2026-09-11 18:55:37.798,189770,0.950
2026-09-11 18:55:38.296,189565,0.950
2026-09-11 18:55:39.373,189770,0.950
2026-09-11 18:55:41.007,190585,0.950
2026-09-11 18:55:41.570,190485,0.950
2026-09-11 18:55:43.597,189770,0.950
2026-09-11 18:55:45.177,189760,0.950
2026-09-11 18:55:45.694,189565,0.950
2026-09-11 18:55:46.236,190485,0.950
2026-09-11 18:55:48.188,189770,0.950
2026-09-11 18:55:48.710,189650,0.950
2026-09-11 18:55:49.227,190585,0.950
2026-09-11 18:55:49.743,189370,0.950
2026-09-11 18:55:52.658,190585,0.950
2026-09-11 18:55:53.182,188720,0.950
